id,acousticness,danceability,energy,instrumentalness,key,liveness,loudness,mode,speechiness,tempo,time_signature,valence,name,artist,genre
2KslE17cAJNHTsI2MI0jb2,0.0447,0.711,0.809,0,2,0.339,-4.389,0,0.0955,106.017,4,0.816,Standing Next to You,Jung Kook,0
3rUGC1vUpkDG9CZFHMur1t,0.256,0.75,0.733,0,6,0.114,-3.18,0,0.0319,111.018,1,0.844,greedy,Tate McRae,0
5aIVCx5tnk0ntmdiinnYvw,0.0856,0.673,0.722,0,3,0.137,-3.495,0,0.0755,117.187,4,0.519,Water,Tyla,0
2IGMVunIBsBLtEQyoI1Mu7,0.269,0.868,0.538,3.34e-06,5,0.0901,-8.603,1,0.174,99.968,4,0.732,Paint The Town Red,Doja Cat,0
5mjYQaktjmjcMKcUIcqz4s,0.701,0.628,0.523,0.00274,11,0.219,-8.307,0,0.0946,169.982,4,0.416,Strangers,Kenya Grace,0
4MjDJD8cW7iVeWInc2Bdyj,0.15,0.787,0.621,0.000402,4,0.58,-5.009,0,0.068,139.056,4,0.13,MONACO,Bad Bunny,0
3vkCueOmm7xQDoJ17W1Pm3,0.868,0.504,0.308,0.135,9,0.158,-14.958,1,0.0321,113.95,4,0.121,My Love Mine All Mine,Mitski,0
1Iq8oo9XkmmvCQiGOfORiz,0.0504,0.596,0.658,0,0,0.127,-7.346,1,0.036,100.012,4,0.176,Is It Over Now? (Taylor's Version) (From The Vault),Taylor Swift,0
6WzRpISELf3YglGAh7TXcG,0.0569,0.855,0.678,3.69e-05,1,0.412,-6.276,1,0.189,99.029,4,0.852,Popular (with Playboi Carti & Madonna) - Music from the HBO Original Series,The Weeknd,0
4iZ4pt7kvcaH6Yo8UoZ4s2,0.141,0.559,0.551,0,5,0.11,-7.231,1,0.132,143.008,4,0.392,Snooze,SZA,0
0rKWJnmo6Q0ovoPOLoLm0t,0.252,0.758,0.703,0,10,0.146,-5.979,0,0.172,94.985,4,0.465,TOO MUCH,The Kid LAROI,0
2HafqoJbgXdtjwCOvNEF14,0.827,0.537,0.421,0,5,0.138,-8.72,1,0.0285,98.224,4,0.524,Si No Estás,iñigo quintero,0
4KULAymBBJcPRpk1yO4dOG,0.554,0.429,0.453,2e-06,0,0.102,-7.746,1,0.0459,77.639,4,0.155,I Remember Everything (feat. Kacey Musgraves),Zach Bryan,0
1BxfuPKGuaTgP7aM0Bbdwr,0.117,0.552,0.702,2.06e-05,9,0.105,-5.707,1,0.157,169.994,4,0.564,Cruel Summer,Taylor Swift,0
1vYXt7VSjH9JIM5oRRo7vA,0.0207,0.671,0.845,0,11,0.329,-4.93,0,0.048,110.056,4,0.775,Dance The Night - From Barbie The Album,Dua Lipa,0
7dJYggqjKo71KI9sLzqCs8,0.228,0.75,0.674,8.91e-05,8,0.122,-6.128,0,0.097,123.026,4,0.392,Agora Hills,Doja Cat,0
7aqfrAY2p9BUSiupwk3svU,0.0277,0.47,0.64,0,2,0.382,-7.779,1,0.32,163.92,4,0.248,First Person Shooter (feat. J. Cole),Drake,0
0WtM2NBVQNNJLh6scP13H8,0.382,0.801,0.806,0.000669,11,0.114,-5.206,1,0.0381,106.999,4,0.802,Calm Down (with Selena Gomez),Rema,0
3IX0yuEVvDbnqUwMBB3ouC,0.00193,0.627,0.879,6.87e-06,9,0.0647,-3.446,1,0.0955,129.979,4,0.748,bad idea right?,Olivia Rodrigo,0
6wf7Yu7cxBSPrRlWeSeK0Q,0.959,0.444,0.0911,1.05e-06,0,0.098,-17.665,1,0.0307,78.403,4,0.142,"What Was I Made For? [From The Motion Picture ""Barbie""]",Billie Eilish,0
4rXLjWdF2ZZpXCVTfWcshS,0.119,0.847,0.622,0,1,0.285,-6.747,0,0.0903,130.001,4,0.22,fukumean,Gunna,0
6wsqVwoiVH2kde4k4KKAFU,0.0186,0.927,0.619,0,5,0.104,-4.441,0,0.0539,117.995,4,0.817,I KNOW ?,Travis Scott,0
7x9aauaA9cu6tyfpHnqDLo,0.311,0.802,0.832,0,11,0.0815,-4.107,1,0.0434,124.997,4,0.89,Seven (feat. Latto) (Explicit Ver.),Jung Kook,0
1Qrg8KqiBpW07V7PNxwwwL,0.0521,0.644,0.735,0.144,8,0.161,-5.747,1,0.0391,88.98,4,0.418,Kill Bill,SZA,0
5w40ZYhbBMAlHYNDaVJIUu,0.00136,0.498,0.897,0,2,0.118,-4.907,1,0.045,169.902,4,0.373,Chemical,Post Malone,0
5sdQOyqq2IDhvmx2lHOpwd,0.18,0.776,0.817,3.44e-05,5,0.146,-6.018,0,0.0748,149.921,4,0.515,Super Shy,NewJeans,0
5Eh1nj7IjV9lwpcKAkidyY,0.0878,0.629,0.654,0.00655,11,0.22,-7.852,0,0.0584,93.034,4,0.799,One Of Your Girls,Troye Sivan,0
7ABLbnD53cQK00mhcaOUVG,0.0739,0.708,0.737,0.00162,1,0.0955,-4.045,1,0.0436,91.986,4,0.607,LALA,Myke Towers,0
741UUVE2kuITl0c6zuqqbO,0.519,0.77,0.58,0.000127,0,0.233,-8.393,1,0.247,144.072,4,0.753,Barbie World (with Aqua) [From Barbie The Album],Nicki Minaj,0
1odExI7RdWc4BT515LTAwj,0.83,0.508,0.43,0.000441,2,0.093,-9.475,0,0.0335,130.09,4,0.324,Daylight,David Kushner,0
0Nfh4u0J4bajcyp5pzaWCx,0.6,0.451,0.632,0,4,0.139,-3.843,1,0.0475,147.06,4,0.455,Used To Be Young,Miley Cyrus,0
4Dvkj6JhhA12EX05fT7y2e,0.342,0.52,0.731,0.00101,6,0.311,-5.338,0,0.0557,173.93,4,0.662,As It Was,Harry Styles,0
59NraMJsLaMCVtwXTSia8i,0.001,0.638,0.717,1.79e-06,8,0.113,-5.804,1,0.0375,141.904,4,0.422,Prada,cassö,0
2i2gDpKKWjvnRTOZRhaPh2,0.511,0.639,0.723,0,7,0.167,-6.462,0,0.0532,136.872,4,0.878,Moonlight,Kali Uchis,0
1kuGVB7EU95pJObxwvfwKS,0.177,0.511,0.532,0,5,0.291,-5.745,1,0.0578,138.005,4,0.35,vampire,Olivia Rodrigo,0
0mflMxspEfB0VbI1kyLiAv,0.782,0.662,0.488,0,9,0.102,-6.894,1,0.0682,117.913,4,0.817,Stick Season,Noah Kahan,0
17phhZDn6oGtzMe56NuWvj,0.199,0.561,0.604,1.9e-05,9,0.104,-4.409,1,0.0337,159.92,3,0.242,Lose Control,Teddy Swims,0
6dgUya35uo964z7GZXM07g,0.0268,0.74,0.697,0,8,0.224,-4.912,1,0.034,138.992,4,0.732,Nonsense,Sabrina Carpenter,0
7DSAEUvxU8FajXtRloy8M0,0.0584,0.706,0.691,6.99e-05,0,0.0232,-4.775,1,0.0633,118.048,4,0.632,Flowers,Miley Cyrus,0
2dHHgzDwk4BJdRwy9uXhTO,0.417,0.715,0.62,0,1,0.0822,-6.005,0,0.0484,97.95,4,0.172,Creepin' (with The Weeknd & 21 Savage),Metro Boomin,0
73RbfOTJIjHzi2pcVHjeHM,0.061,0.74,0.758,1.44e-06,1,0.0967,-5.851,0,0.0921,171.925,4,0.757,What It Is (Solo Version),Doechii,0
6iF4RgIjDvDqyW13PezSj3,0.00863,0.61,0.571,0,2,0.131,-5.649,1,0.0782,105.01,4,0.747,Single Soon,Selena Gomez,0
739WUU1tPFLO4x4HJq561K,0.435,0.783,0.592,4.15e-06,11,0.347,-8.332,0,0.0331,120.018,4,0.726,Cupid - Twin Ver.,FIFTY FIFTY,0
6GGtHZgBycCgGBUhZo81xe,0.709,0.49,0.352,0.0856,6,0.114,-11.577,0,0.0254,99.992,4,0.166,Say Yes To Heaven,Lana Del Rey,0
6AQbmUe0Qwf5PZnt4HmTXv,0.252,0.696,0.809,0.000128,5,0.248,-8.254,1,0.05,132.962,4,0.857,Boy's a liar Pt. 2,PinkPantheress,0
23RoR84KodL5HWvUTneQ1w,0.12,0.671,0.876,0.188,7,0.0823,-5.681,0,0.0352,129.998,4,0.964,(It Goes Like) Nanana - Edit,Peggy Gou,0
6gcuJpHu0Ey30D5WR76y98,0.0147,0.787,0.573,1.72e-05,9,0.0926,-6.197,1,0.0606,111.996,4,0.575,You & Me,JENNIE,0
2FDTHlrBguDzQkp7PVj16Q,0.186,0.916,0.583,0,1,0.0798,-8.067,1,0.241,141.095,4,0.661,Sprinter,Dave,0
59uQI0PADDKeE6UZDTJEe8,0.459,0.517,0.675,0,6,0.151,-5.382,1,0.0357,203.853,4,0.518,Last Night,Morgan Wallen,0
6fNCrsrdIcgVd2aZZ0nnz4,0.434,0.909,0.762,0,9,0.0856,-3.974,1,0.0643,101.987,3,0.843,Según Quién,Maluma,0
6IG3sQ8s9nfk6TUlVzRhbN,0.041,0.595,0.656,0,0,0.122,-7.343,1,0.037,99.994,4,0.191,Is It Over Now? (Taylor's Version) (From The Vault),Taylor Swift,0
56xHMIfQPoe0prrSi3BGhf,0.838,0.521,0.366,4.11e-06,11,0.12,-7.698,0,0.034,141.965,4,0.225,Can’t Catch Me Now - from The Hunger Games: The Ballad of Songbirds & Snakes,Olivia Rodrigo,0
7DlZH8EiVDgQXNoj3dnyZC,0.255,0.864,0.556,3.85e-06,2,0.112,-7.683,0,0.194,99.974,4,0.726,Paint The Town Red,Doja Cat,0
58pTPJPBjw1xL9OcLcQczU,0.554,0.429,0.453,2e-06,0,0.102,-7.746,1,0.0459,77.639,4,0.155,I Remember Everything (feat. Kacey Musgraves),Zach Bryan,0
0PAcdVzhPO4gq1Iym9ESnK,0.492,0.656,0.757,0,3,0.117,-5.775,0,0.0308,139.971,4,0.429,Thinkin’ Bout Me,Morgan Wallen,0
2YSzYUF3jWqb9YP9VXmpjE,0.0464,0.663,0.67,8.92e-05,8,0.205,-8.399,1,0.271,136.952,4,0.138,IDGAF (feat. Yeat),Drake,0
0JmnkIqdlnUzPaf8sqBRs3,0.518,0.642,0.706,0,7,0.25,-6.872,0,0.052,136.851,4,0.896,Moonlight,Kali Uchis,0
0cVyQfDyRnMJ0V3rjjdlU3,0.152,0.85,0.699,0,0,0.32,-3.292,1,0.0776,114.481,4,0.915,Lil Boo Thang,Paul Russell,0
2kE2HFBFkJ0VMw3igxYohz,0.0878,0.65,0.689,0,0,0.172,-3.543,1,0.0449,136.03,4,0.294,Wild Ones (feat. Jelly Roll),Jessie Murph,0
3XB5uhhlYSnkxpSihkNQwh,0.525,0.842,0.756,2.21e-06,7,0.0871,-7.409,0,0.338,169.925,4,0.421,QLONA,KAROL G,0
7iQXYTyuG13aoeHxGG28Nh,0.0887,0.911,0.778,2.16e-05,5,0.179,-2.248,1,0.262,96.057,4,0.345,PERRO NEGRO,Bad Bunny,0
7jvtmQ3onpWeUm7dyFSSSc,0.00115,0.486,0.899,0,2,0.102,-4.713,1,0.0489,169.934,4,0.356,Chemical,Post Malone,0
6usohdchdzW9oML7VC4Uhk,0.199,0.561,0.604,1.9e-05,9,0.104,-4.409,1,0.0337,159.92,3,0.242,Lose Control,Teddy Swims,0
6HgWWaMu31KdOpEG5l28BG,0.15,0.829,0.436,0,3,0.0954,-8.205,1,0.327,143.031,4,0.693,All My Life (feat. J. Cole),Lil Durk,0
1vhbThkFnqAHbZp0fEjXE4,0.41,0.576,0.683,0,7,0.0819,-5.103,1,0.118,151.566,4,0.433,Sarah's Place (feat. Noah Kahan),Zach Bryan,0
1Lo0QY9cvc8sUB2vnIOxDT,0.186,0.712,0.603,0,8,0.115,-5.52,1,0.0262,97.994,4,0.67,Fast Car,Luke Combs,0
3OHfY25tqY28d16oZczHc8,0.0543,0.644,0.728,0.169,8,0.161,-5.75,1,0.0351,88.993,4,0.43,Kill Bill,SZA,0
4pCbJC43j3gSqG6Fen6upD,0.494,0.583,0.351,0,0,0.368,-5.836,1,0.0306,79.014,4,0.462,Hey Driver (feat. The War and Treaty),Zach Bryan,0
6rjuKpPydT2SxN15TZpV7r,0.0942,0.722,0.785,0,7,0.119,-5.451,0,0.0763,122.986,4,0.529,500lbs,Lil Tecca,0
7DswEZZthZ6piQpL25qGAM,0.556,0.675,0.546,0.00441,4,0.167,-7.716,0,0.0511,77.415,4,0.607,On My Mama,Victoria Monét,0
22VHOlVYBqytsrAqV8yXBK,0.121,0.667,0.613,0,8,0.113,-7.147,1,0.0313,112.046,4,0.681,Dial Drunk (with Post Malone),Noah Kahan,0
7mXuWTczZNxG5EDcjFEuJR,0.216,0.646,0.736,0,5,0.415,-7.118,0,0.0449,140.098,3,0.873,LADY GAGA,Peso Pluma,0
5JYPXqMwYc0zTODQdjMEZN,0.123,0.789,0.763,2.22e-05,1,0.132,-6.169,1,0.199,140.107,4,0.272,Deli,Ice Spice,0
7FbrGaHYVDmfr7KoLIZnQ7,0.435,0.783,0.592,4.15e-06,11,0.347,-8.332,0,0.0331,120.018,4,0.726,Cupid - Twin Ver.,FIFTY FIFTY,0
2Lss5tezmIkgZA3GFfptI2,0.02,0.662,0.673,0,2,0.448,-5.968,0,0.0412,137.793,4,0.713,Killing Me,Conan Gray,0
3CJrKExvAP6RCtUR8Cf99P,0.617,0.561,0.418,0,10,0.129,-7.063,0,0.0259,174.8,3,0.594,BLEED,The Kid LAROI,0
180AbZduI6bYQIzwCHRwu9,0.498,0.726,0.624,0.0294,2,0.0909,-7.799,0,0.0277,114.99,4,0.573,A Night To Remember,beabadoobee,0
75c2zaSdDBSX0A8Jyvm4fO,0.0842,0.466,0.51,1.55e-06,3,0.0912,-7.31,0,0.0348,67.513,4,0.418,older,Isabel LaRosa,0
3xY5aYJcdvZX9xQxNd02ku,0.033,0.736,0.754,0.000599,4,0.0731,-5.457,1,0.0443,128.046,4,0.648,In The City,Charli XCX,0
4PrGyX4YgCT6V3YqY7XEUw,0.701,0.701,0.76,0.138,8,0.111,-9.588,1,0.107,143.007,4,0.423,Only In My Mind,Kenya Grace,0
1Fav4xZn60uGM3XmiHJmvT,0.0926,0.637,0.639,0.00503,11,0.223,-7.832,0,0.0542,92.987,4,0.81,One Of Your Girls,Troye Sivan,0
6mxsd0LQt2qk2rpLEqlCJw,0.709,0.522,0.427,3.85e-06,0,0.135,-7.419,1,0.0602,106.043,4,0.644,Different Kind Of Beautiful,Alec Benjamin,0
71BqAINEnezjQfxE4VuJfq,0.345,0.629,0.413,7.62e-05,7,0.0603,-13.178,1,0.055,77.983,4,0.306,"""Slut!"" (Taylor's Version) (From The Vault)",Taylor Swift,0
45PRcjOnvjz6VMl7tI3O3c,0.924,0.471,0.232,2.05e-05,0,0.124,-10.371,1,0.0286,83.465,4,0.32,You Could Start A Cult (with Lizzy McAlpine),Niall Horan,0
2YOGCTiPJWMhZRdeadFj8G,0.912,0.238,0.441,0.433,3,0.167,-7.42,1,0.0364,79.445,4,0.164,this is what autumn feels like,JVKE,0
4GnjXzJfmPcVEt0S7zIS9L,0.00118,0.638,0.572,0.0204,9,0.193,-6.771,1,0.0407,115.999,4,0.433,Lethal Woman,Dove Cameron,0
12BAxMbHzksw2xiq05gKtT,0.301,0.715,0.579,0.0665,7,0.188,-8.399,0,0.0368,131.925,4,0.444,Sweet Relief,Madison Beer,0
4Zj2uX6ApCFK9XzjwIhCIr,0.385,0.302,0.584,5.22e-05,1,0.089,-6.242,1,0.063,199.804,4,0.159,Boys Of Faith (feat. Bon Iver),Zach Bryan,0
65leXqfkdViSssEVN23uYL,0.15,0.807,0.354,0.713,9,0.186,-7.554,1,0.0321,78.964,4,0.602,Mama's Boy,Dominic Fike,0
0LzidBf7cUsnZnG34OUPSF,0.0857,0.71,0.899,0.112,11,0.189,-4.032,0,0.118,162.927,4,0.555,Mosquito,PinkPantheress,0
38RLObegC9ggpKPRVQDc1g,0.0393,0.63,0.763,0,2,0.7,-4.89,1,0.0892,162.152,4,0.295,AMERICAN HORROR SHOW,SNOW WIFE,0
3tNMdL4qjzNHfo7rlVMESK,0.00229,0.474,0.936,2.53e-06,7,0.181,-2.328,0,0.0763,139.933,4,0.392,HONEY (ARE U COMING?),Måneskin,0
5o4XJKRxUK6nXhFLAIS33A,0.00335,0.284,0.755,0.00195,1,0.103,-3.145,0,0.05,93.384,4,0.199,Gimme Love,Sia,0
0p1hBWPaSxUDTSa32PyhnU,0.0706,0.743,0.671,0,11,0.294,-6.304,1,0.0382,127.923,4,0.627,She Calls Me Back (with Kacey Musgraves),Noah Kahan,0
34sOdxWu9FljH84UXdRwu1,0.254,0.43,0.692,4.17e-06,6,0.148,-4.234,1,0.0429,156.261,4,0.401,all-american bitch,Olivia Rodrigo,0
56v8WEnGzLByGsDAXDiv4d,0.108,0.812,0.749,0,10,0.0599,-6.389,0,0.0397,134.971,4,0.841,ETA,NewJeans,0
7sDkXyDikXhpRz715MdiEp,0.081,0.781,0.611,3.4e-06,0,0.208,-6.211,1,0.136,149.996,4,0.722,PUPPET SHOW,XG,0
3sLTYBYs6lJsFK84t2X7wt,0.693,0.708,0.415,4.68e-05,2,0.123,-4.078,0,0.0314,119.922,4,0.156,Bathroom,Montell Fish,0
19kHhX6f6EfLU7rcO3RqjO,0.207,0.62,0.761,0.000147,10,0.269,-7.282,0,0.175,146.003,4,0.194,Back On 74,Jungle,0
0ZPjVmof45INEERgYfadtv,0.0153,0.69,0.842,0,10,0.0639,-4.288,0,0.0739,141.994,4,0.626,Chasing That Feeling,TOMORROW X TOGETHER,0
31MNHKE86sEXzIglbGQ6mu,0.223,0.777,0.686,0.00148,7,0.318,-6.498,0,0.0308,127.002,4,0.582,Got Me Started,Troye Sivan,0
1nO6DT2QIYTxwLGrfQvIt3,0.0804,0.396,0.64,0,11,0.0824,-6.209,1,0.208,95.633,4,0.371,club heaven,Nessa Barrett,0
63jCeAYGLcRL21xm0jKlgn,0.652,0.504,0.203,0,11,0.105,-11.97,1,0.0569,128.773,4,0.274,Sad Forever,Lauren Spencer Smith,0
2Zo1PcszsT9WQ0ANntJbID,0.0893,0.787,0.686,0,6,0.0927,-4.37,0,0.0339,123.51,4,0.836,Feather,Sabrina Carpenter,0
4jpNmNXMzO3aVgJhy8sdxL,0.488,0.747,0.7,0,0,0.154,-6.563,1,0.0904,95.033,4,0.721,Think Of Us,The Chainsmokers,0
5WZlorRUxgryaweu7kqeHd,0.0119,0.738,0.828,0.0019,10,0.549,-6.31,0,0.106,119.985,4,0.542,Other Boys,Marshmello,0
22dUzMFttcR3uU17NcOAIv,0.0311,0.587,0.924,0.0171,11,0.23,-5.433,0,0.0457,140.009,4,0.509,Desire (with Sam Smith),Calvin Harris,0
7bgIcSp0Nd3qfHqwxQplzW,0.0139,0.542,0.67,2.87e-05,1,0.165,-6.066,1,0.0383,167.027,4,0.415,Mirage - for Assassin's Creed Mirage,OneRepublic,0
15sNe8FD178zMsVz6ug0AS,0.0695,0.885,0.576,0.000235,10,0.0993,-7.17,0,0.238,76.004,4,0.805,Gun,Doja Cat,0
6ehWdR7cGDXnT7aKEASJxE,0.0322,0.853,0.824,0,1,0.0859,-3.287,1,0.103,108.044,4,0.888,3D (feat. Jack Harlow),Jung Kook,0
39fD0qvjgk8RarJnoBiDTx,0.664,0.583,0.372,9.51e-06,4,0.112,-9.58,1,0.0281,104.973,4,0.338,Lovesick,Laufey,0
5MFUxQJGj5KrcCX6Gnphgh,0.0671,0.246,0.71,0,5,0.221,-6.235,1,0.0536,72.076,5,0.491,Loved By You,Chelsea Cutler,0
2ZXb6OBkjmDYnvEB3iANgH,0.327,0.562,0.54,0.603,9,0.107,-6.477,1,0.0281,130.103,4,0.331,Dead Man,David Kushner,0
5CscrLqFBgPfZR8fGtikov,0.346,0.537,0.413,0,7,0.12,-7.736,1,0.0319,133.21,4,0.226,making the bed,Olivia Rodrigo,0
1XTY6rA7XQosc0ynkkE9kN,0.931,0.48,0.199,0.0563,6,0.0978,-12.398,1,0.0329,165.476,4,0.201,Black Friday,Tom Odell,0
5YABYtKx9qa56vBjlXDbmw,0.911,0.462,0.331,0,9,0.15,-8.794,0,0.0432,141.364,3,0.604,Snooze (Acoustic) (feat. Justin Bieber),SZA,0
3rmqiQbzPDx7A8p88IRFKg,0.0947,0.711,0.674,0,10,0.0641,-3.559,1,0.0317,95.0,4,0.253,Love U Like That,Lauv,0
0I2BCIvlzrb6Iix9hAbQFF,0.114,0.737,0.781,0,6,0.132,-5.965,1,0.0415,132.08,4,0.94,Problematic,BoyWithUke,0
0dxp7DyPJEo6JhtnjUtBnN,0.0745,0.495,0.691,0.0033,10,0.0881,-4.989,0,0.0447,123.051,4,0.299,On My Love,Zara Larsson,0
3YgtkOxZsTuaZdL8McA1FQ,0.582,0.747,0.867,0.00413,0,0.114,-7.311,1,0.088,124.015,4,0.684,adore u,Fred again..,0
41WQUSINanQHfhfKpFDsms,0.6,0.451,0.632,0,4,0.139,-3.843,1,0.0475,147.06,4,0.455,Used To Be Young,Miley Cyrus,0
3gA9Y5RsXBUKkr1IP6v4g3,0.261,0.717,0.495,0.00141,0,0.35,-9.56,1,0.0413,91.994,4,0.606,Paint My Bedroom Black,Holly Humberstone,0
2DtUUBwYwEzKMTMDrc5EiO,0.253,0.871,0.372,1.6e-06,0,0.104,-9.077,0,0.0413,110.011,4,0.608,girls like me don't cry,thuy,0
7KQejvX8GC4qMjB8vWSp2p,0.107,0.536,0.59,0.000351,2,0.129,-6.57,1,0.239,180.135,4,0.257,Vertigo,Griff,0
4yJ1fD1LvIVtTDOu4NyKLU,0.0665,0.813,0.466,0.00115,8,0.231,-10.671,1,0.171,132.324,4,0.238,cross my heart,Artemas,0
0rzaRSujxA0bKyjJl6vHYq,0.143,0.576,0.457,3.05e-05,0,0.0917,-6.473,1,0.0304,138.984,4,0.301,Satellite,Harry Styles,0
4Yrt54xR4T8PPOZ7yf9kyT,0.0261,0.722,0.622,0,2,0.109,-5.674,0,0.0734,91.957,4,0.458,Yes I'm A Mess,AJR,0
6ErCfbbI9BG4bK2djjKUvP,0.204,0.348,0.381,0,11,0.133,-7.688,1,0.0552,84.896,3,0.494,i wish you cheated,Alexander Stewart,0
20uknEOwx3PpiGL2Es2vCg,0.748,0.658,0.632,7.33e-05,8,0.169,-8.492,1,0.0298,135.924,4,0.464,Magical,Ed Sheeran,0
6NdnvPwQvZb147DVa4x14h,0.177,0.654,0.62,0,2,0.0987,-5.855,1,0.0846,146.928,4,0.653,Heartbroken (feat. Jessie Murph & Polo G),Diplo,0
79DPYZ6x8FfzgSgPoPhpC3,0.0226,0.847,0.434,0.0673,5,0.087,-6.474,0,0.0382,129.967,4,0.293,Last Time I Saw You,Nicki Minaj,0
1o8Z7GD1CeOaVBEyuzu4HO,0.551,0.481,0.539,0.00539,4,0.12,-7.865,0,0.108,153.277,4,0.621,On My Mama,Victoria Monét,0
444vevlQjTnKioLLncteGv,0.000227,0.445,0.797,0,11,0.363,-5.086,0,0.0434,135.483,4,0.267,Something Real,Post Malone,0
3YfGTvsTAWGC2lgoDOikUz,0.238,0.454,0.931,0.000623,11,0.289,-4.083,1,0.0321,137.945,4,0.462,One in a Million,Bebe Rexha,0
7JLzv38qr5GxXYqQfuQJP9,0.00951,0.515,0.7,3.39e-06,2,0.416,-5.295,1,0.0317,160.052,4,0.295,Summertime Friends,The Chainsmokers,0
1mFpMoeZfkIqtqW2AfQ8ba,0.00199,0.715,0.738,0,2,0.208,-4.42,1,0.0577,160.07,4,0.36,THE GIRLS - BLACKPINK THE GAME OST,BLACKPINK,0
3P9pRL7V9yM9DhY6NGZjzA,0.217,0.699,0.645,6.3e-06,10,0.0723,-4.485,0,0.0452,129.99,4,0.484,Love Like This,ZAYN,0
7mobUfp1aL8A6CdugCMWft,0.0252,0.69,0.933,2.51e-05,5,0.493,-3.099,0,0.0832,119.987,4,0.523,BOTH,Tiësto,0
3b5MPNYlX8ztJowxAwzTai,0.118,0.425,0.51,0,0,0.342,-4.838,1,0.0291,139.972,4,0.159,Winner,Conan Gray,0
1dh5DUke1yHJzIF3Sa7nXC,0.278,0.637,0.519,2.11e-05,10,0.109,-9.042,1,0.114,109.795,4,0.263,Pretty Girls,Reneé Rapp,0
3DBJE1Zndql25OGUQSv7aD,0.587,0.548,0.474,0,8,0.121,-8.743,1,0.0446,119.986,4,0.261,A Year Ago,James Arthur,0
3fKpSA5w8iqLe9sNdIDESW,0.725,0.396,0.244,8.29e-05,0,0.111,-11.391,1,0.0355,172.399,4,0.178,Call Your Mom (with Lizzy McAlpine),Noah Kahan,0
5KD6AEm19QnMbfWpfoOHMl,0.186,0.793,0.512,3.81e-05,0,0.0889,-9.319,1,0.0338,109.994,4,0.0662,Now That We Don't Talk (Taylor's Version) (From The Vault),Taylor Swift,0
4NioO5R9sHEZh4cGzMHyNt,0.0656,0.626,0.547,1.67e-05,4,0.149,-8.285,1,0.0342,109.946,4,0.192,Say Don't Go (Taylor's Version) (From The Vault),Taylor Swift,0
6T0sEnqjmHISIKwFETeeiP,0.198,0.699,0.621,0,0,0.104,-8.739,1,0.0369,118.048,4,0.344,Suburban Legends (Taylor's Version) (From The Vault),Taylor Swift,0
1hjRhYpWyqDpPahmSlUTlc,0.000418,0.575,0.824,0.0214,2,0.0901,-4.823,1,0.038,94.971,4,0.292,Style (Taylor's Version),Taylor Swift,0
45wMBGri1PORPjM9PwFfrS,0.0976,0.737,0.725,0,0,0.174,-5.417,1,0.0641,96.012,4,0.755,Blank Space (Taylor's Version),Taylor Swift,0
045ZeOHPIzhxxsm8bq5kyE,0.000512,0.547,0.885,9.37e-05,0,0.39,-5.961,1,0.0418,91.992,4,0.192,Out Of The Woods (Taylor's Version),Taylor Swift,0
1hR8BSuEqPCCZfv93zzzz9,0.00961,0.761,0.607,2.24e-05,7,0.367,-4.83,1,0.0312,116.98,4,0.674,Welcome To New York (Taylor's Version),Taylor Swift,0
1K39ty6o1sHwwlZwO6a7wK,0.0411,0.581,0.672,9.35e-05,8,0.118,-7.415,1,0.0739,140.061,4,0.514,Wildest Dreams (Taylor's Version),Taylor Swift,0
6GXgd1BPD9bUpqw5AntGV5,0.000718,0.586,0.72,0,0,0.0949,-5.556,1,0.035,97.057,4,0.481,All You Had To Do Was Stay (Taylor's Version),Taylor Swift,0
2vPMoMDXxu9uX1igWZmXSG,0.0068,0.651,0.855,9.81e-06,5,0.0759,-5.959,1,0.0538,121.98,4,0.698,New Romantics (Taylor's Version),Taylor Swift,0
2ByBBvpR9b7IynvRmnG7kG,0.276,0.771,0.386,2.01e-05,4,0.121,-8.917,1,0.0297,103.96,4,0.239,Clean (Taylor's Version),Taylor Swift,0
43y1WpBdnEy5TR9aZoSQL9,0.00357,0.669,0.851,1.04e-05,0,0.0676,-6.526,1,0.0432,118.026,4,0.541,I Wish You Would (Taylor's Version),Taylor Swift,0
3pv7Q5v2dpdefwdWIvE7yH,0.0103,0.632,0.807,1.27e-05,7,0.29,-5.676,1,0.0738,160.055,4,0.921,Shake It Off (Taylor's Version),Taylor Swift,0
64FzgoLZ3oXu2SriZblHic,0.0385,0.619,0.686,0,7,0.307,-6.369,1,0.164,169.943,4,0.364,Bad Blood (Taylor's Version),Taylor Swift,0
75W3SngKzTuoQ94uLf3y82,0.00209,0.754,0.682,9.88e-06,5,0.0941,-5.789,1,0.0565,120.027,4,0.547,How You Get The Girl (Taylor's Version),Taylor Swift,0
2f0GI2ZLUtbGqFx8t2Gk6A,0.087,0.575,0.803,0,0,0.0971,-5.393,1,0.0465,160.039,4,0.68,I Know Places (Taylor's Version),Taylor Swift,0
2ve0kuaWUCt4Zx8x4bf1MR,0.00933,0.462,0.708,1.88e-05,3,0.198,-5.971,1,0.0555,183.811,4,0.337,Wonderland (Taylor's Version),Taylor Swift,0
56y1jOTK0XSvJzVv9vHQBK,0.255,0.864,0.556,3.85e-06,2,0.112,-7.683,0,0.194,99.974,4,0.726,Paint The Town Red,Doja Cat,0
4UwqOWDpdeIDVQDuKT6iza,0.609,0.537,0.495,2.49e-06,9,0.112,-9.416,1,0.0573,84.948,4,0.492,You Are In Love (Taylor's Version),Taylor Swift,0
5QVVjX0ZItqlVpEuVCM9Yg,0.299,0.474,0.511,0,1,0.0673,-8.766,0,0.0339,144.022,4,0.0586,This Love (Taylor’s Version),Taylor Swift,0
5PyDJG7SQRgWXefgexqIge,0.183,0.755,0.687,0.000177,8,0.125,-6.247,0,0.101,123.01,4,0.381,Agora Hills,Doja Cat,0
7K3BhSpAxZBznislvUMVtn,0.467,0.492,0.675,0,6,0.142,-5.456,1,0.0389,203.759,4,0.478,Last Night,Morgan Wallen,0
6qAcApH8obo8eqatCKUHd9,0.0104,0.602,0.648,0,2,0.217,-6.905,1,0.103,170.091,4,0.174,Bad Blood (feat. Kendrick Lamar) (Taylor's Version),Taylor Swift,0
0xxZY5C9xxij3D1HkzbnfC,0.375,0.541,0.504,0,11,0.421,-14.191,0,0.457,68.482,4,0.707,Monster Mash,"Bobby ""Boris"" Pickett",0
3mhsDyQpX2L8sJMdWUHOi3,0.767,0.567,0.508,0,7,0.145,-12.823,1,0.0502,167.63,4,0.647,This Is Halloween,The Citizens of Halloween,0
3WMj8moIAXJhHsyLaqIIHI,0.555,0.369,0.192,8.35e-06,4,0.0954,-12.151,0,0.04,175.212,3,0.148,Something in the Orange,Zach Bryan,0
1yeB8MUNeLo9Ek1UEpsyz6,0.0377,0.645,0.729,0,2,0.384,-4.56,1,0.0528,146.01,4,0.142,Rich Baby Daddy (feat. Sexyy Red & SZA),Drake,0
2LlQb7Uoj1kKyGhlkBf9aC,0.0318,0.771,0.687,0.000225,11,0.89,-9.814,1,0.0693,118.392,4,0.783,Thriller,Michael Jackson,0
68Dni7IE4VyPkTOH9mRWHr,0.324,0.69,0.521,0,10,0.0534,-8.492,0,0.339,100.028,4,0.494,No Role Modelz,J. Cole,0
30QYxvXOJZhGBF6DvpNb8w,0.406,0.345,0.513,0,6,0.149,-6.633,1,0.0553,145.298,4,0.189,I Knew You Were Trouble - Spotify Singles,Sabrina Carpenter,0
2PStUfFvW2nFnPj658cDWE,0.392,0.38,0.441,0.00018,0,0.119,-9.522,1,0.122,78.25,4,0.5,alone,WILLOW,0
2UOmGbjOCNrnpnujfgjGKS,0.883,0.292,0.244,0.00262,10,0.237,-11.741,1,0.0321,60.305,4,0.179,Christmas Dreaming,Laufey,0
1c4hrCYvdfJ6IQM0tf9bk1,0.22,0.631,0.669,5.78e-06,9,0.158,-7.156,0,0.03,100.043,4,0.539,ALICE,PEGGY,0
2GSLoT7abyYGchSSDCpWEI,0.886,0.569,0.271,0,10,0.103,-10.969,1,0.0271,91.888,4,0.352,Heather - Spotify Singles,Tate McRae,0
5sp71CUt0jXRNqHblPGp7b,0.0557,0.385,0.873,0,1,0.353,-3.331,1,0.069,120.393,4,0.469,ballad of a homeschooled girl,Olivia Rodrigo,0
5QQH0yRUbD4fYqNWKiPX9I,0.325,0.838,0.791,0,10,0.0742,-4.151,1,0.0519,120.032,4,0.724,i can't get my shit together,Baby Queen,0
6ulsl4FHrnizQRUi4ra6yY,0.187,0.527,0.712,0,6,0.154,-5.057,0,0.103,106.973,4,0.257,Cleveland,maryjo,0
5HCyWlXZPP0y6Gqq8TgA20,0.0383,0.591,0.764,0,1,0.103,-5.484,1,0.0483,169.928,4,0.478,STAY (with Justin Bieber),The Kid LAROI,0
7AbqgE05nFl9qY4FRUiq2p,0.508,0.507,0.394,0,6,0.0825,-7.188,0,0.035,77.955,4,0.164,Shot Glass of Tears,Jung Kook,0
79SnA3wt0c7znm70kwRxEm,0.152,0.657,0.563,9.91e-06,5,0.193,-6.696,0,0.259,180.154,4,0.793,Pink Noise,Zoe Ko,0
5OHNBi6tsE0acRA9Kt4ybC,0.0778,0.802,0.507,0,3,0.113,-6.584,1,0.193,142.967,4,0.7,All My Life (Stray Kids Remix),Lil Durk,0
29WxJqIfDRMo9isV07kbJP,0.0151,0.589,0.908,0,8,0.338,-4.433,1,0.109,170.019,4,0.501,PARANOIA,HEARTSTEEL,0
4mOMTUl8XiaqILHwh8zm4H,0.143,0.767,0.47,0.888,11,0.114,-13.287,1,0.105,97.651,3,0.501,Le Monde - From Talk to Me,Richard Carter,0
0Vz146N2GxkVJw4kSGXrNi,0.00506,0.749,0.652,8.92e-06,9,0.238,-5.611,1,0.0575,111.945,4,0.625,You & Me (Coachella ver.),JENNIE,0
0qvzXomUDJVaUboy2wMfiS,0.712,0.677,0.401,0,9,0.116,-8.467,1,0.0308,111.825,4,0.195,This Town,Niall Horan,0
1p5GikXPiCkw5T2VrSPrO1,0.186,0.64,0.794,0.00095,7,0.225,-8.267,1,0.0815,129.117,4,0.487,Pretty Girl (with Rema),Ice Spice,0
3RWl1dP90FXmZDUeIAO20j,0.484,0.532,0.609,0.0251,10,0.367,-5.75,0,0.0491,143.636,4,0.398,if u think i'm pretty,Artemas,0
08Dzq5yOCVQzGcsGp5egm5,0.309,0.485,0.314,0,6,0.102,-9.595,1,0.0247,80.021,4,0.18,control,44phantom,0
7Jxu0zcT6v2dHj5JPzeEJL,0.0189,0.817,0.462,0,6,0.077,-6.81,0,0.0788,109.968,4,0.377,Love and War,Max Drazen,0
4WMuO95Swpnr2cShFGxmgI,0.407,0.675,0.893,2.91e-06,4,0.237,-4.061,1,0.288,123.939,4,0.646,PANIC ATTACK,Clinton Kane,0
6IPwKM3fUUzlElbvKw2sKl,0.113,0.566,0.366,0.181,7,0.155,-12.808,1,0.028,129.96,4,0.237,we fell in love in october,girl in red,0
3Sda4D07uUlpyI0aa9WMWH,0.765,0.566,0.356,0.000277,9,0.0928,-11.757,1,0.0455,132.825,4,0.306,Stranger,Thomas Day,0
0EF1EE8zusg3Y869e56JFd,0.863,0.421,0.394,4.74e-06,11,0.0984,-8.312,1,0.0277,96.192,3,0.399,Nothing's New,Rio Romeo,0
5FMXrphygZ4z3gVDHGWxgl,0.333,0.606,0.899,0.000102,7,0.0754,-6.412,0,0.0758,116.735,4,0.66,Copacabana (At the Copa),Barry Manilow,0
3iISGrl3JKqPQ4GLqPjVkt,0.164,0.242,0.731,1.21e-06,8,0.292,-4.828,0,0.0833,180.057,4,0.265,World Burn,Taylor Louderman,0
7CyPwkp0oE8Ro9Dd5CUDjW,0.0545,0.522,0.641,0,8,0.162,-6.287,1,0.0318,87.51,4,0.202,"One Of The Girls (with JENNIE, Lily Rose Depp)",The Weeknd,0
2djNsYsA71cIs4A8YaF59J,0.109,0.584,0.582,0,10,0.323,-5.124,1,0.0429,170.996,4,0.48,WHAT JUST HAPPENED,The Kid LAROI,0
4YQgOgIElFtEvwJQ9ArWL7,0.000915,0.752,0.647,0.00167,10,0.706,-6.258,1,0.0316,119.999,4,0.253,FΛSHION,Britney Manson,0
4bqDgEc3V9o0gle8mvgCgN,0.515,0.59,0.584,0.00658,7,0.0918,-7.965,1,0.031,140.005,4,0.274,Capable of love,PinkPantheress,0
5dLhmqJRJiV0RyRwv7VUdv,0.0167,0.581,0.73,0,11,0.289,-3.903,1,0.0468,82.527,4,0.59,Friends With Your EX,Landon Barker,0
2I0QVWKZuHhG2GSRGMiO0U,0.336,0.7,0.832,1.27e-06,11,0.246,-5.021,1,0.165,96.027,4,0.771,I’m So Good At Being Alone,Knox,0
4PMdq7Q7xOFrY424ZelZEb,0.188,0.423,0.857,2.63e-05,2,0.105,-5.173,1,0.0687,75.024,4,0.196,Radio,Lana Del Rey,0
2iFoEIA2RSH1wt4i1LRiia,0.00427,0.709,0.842,0.00818,9,0.0815,-4.232,1,0.0276,103.074,4,0.809,Bite Marks,Ari Abdul,0
1imbsYvtz61ZvUgGqKCr3j,0.77,0.431,0.323,0,11,0.0862,-8.767,1,0.0347,63.614,4,0.131,Intrusive Thoughts,Natalie Jane,0
1AWQoqb9bSvzTjaLralEkT,0.201,0.892,0.714,0.000234,4,0.0521,-6.055,0,0.141,100.972,4,0.817,Rock Your Body,Justin Timberlake,0
1MZHbJsMBbq5P3Mq4xgu8G,0.0397,0.677,0.514,0.000662,10,0.336,-6.301,1,0.0301,98.968,3,0.46,mad's world,Mad Tsai,0
1Onx2O64wzyA7ZzOsBBqBJ,0.295,0.654,0.872,0,5,0.0955,-3.263,0,0.141,82.667,4,0.867,The Way (feat. Mac Miller),Ariana Grande,0
0lx2cLdOt3piJbcaXIV74f,0.833,0.392,0.574,0.00179,7,0.145,-9.195,1,0.17,81.112,4,0.529,willow,Taylor Swift,0
6BIlXbxx0kRiUdnmX8L1I9,0.497,0.449,0.33,3.24e-05,4,0.0737,-8.34,1,0.0333,152.012,3,0.213,Kissing In Swimming Pools,Holly Humberstone,0
5nCthAh3jt4xKuLJAifAaR,0.185,0.722,0.757,6.32e-06,10,0.126,-6.207,0,0.132,140.094,4,0.721,Harleys In Hawaii,Katy Perry,0
4C7qGYJ9vMAzX95o2xTdhA,0.0778,0.851,0.709,0.00266,5,0.0845,-3.758,0,0.0449,119.989,4,0.909,SUCKER 4 GREEN,LIL TAY,0
1In2l2VqjtZIW9loAA341S,0.0325,0.791,0.726,0,1,0.338,-4.897,0,0.0574,99.997,4,0.733,jupiter,sad alex,0
59Y1f3y8FuLjadWY9Bx2LC,0.97,0.521,0.141,0.000114,10,0.0992,-14.915,1,0.03,92.06,4,0.235,Letter To My 13 Year Old Self,Laufey,0
2rBFMlKf43Ddo82b2WWYNN,0.846,0.407,0.378,0.000758,3,0.107,-9.544,1,0.0314,118.818,4,0.187,Ryder,Madison Beer,0
4rHZZAmHpZrA3iH5zx8frV,0.234,0.574,0.512,0,5,0.0946,-6.664,0,0.0503,76.899,4,0.512,Mirrors,Justin Timberlake,0
00Apys6jYrWA0Bse9Yon6O,0.247,0.632,0.832,0,11,0.349,-3.542,0,0.0465,110.025,4,0.289,Crush,Bella Poarch,0
25FTMokYEbEWHEdss5JLZS,0.346,0.625,0.85,0.000233,4,0.174,-3.904,1,0.0495,94.661,4,0.633,Teenage Dirtbag,Wheatus,0
1558CwDaXSZiCplq9AaH0q,0.26,0.813,0.657,0,7,0.0671,-6.572,1,0.0665,95.969,4,0.805,It Is What It Is,Jenna Raine,0
5UkqH9t76GxI48YHA0thsy,0.208,0.688,0.611,0,11,0.337,-5.298,1,0.0423,125.015,4,0.478,Honeymoon Avenue,Ariana Grande,0
1EMWN9uomtQxEw2mZKrb2C,0.383,0.827,0.8,0.00164,7,0.102,-4.821,0,0.11,142.667,4,0.514,girls like me don't cry (sped up),thuy,0
3ItJaK3oSkvCE4QiLkaxbi,0.0222,0.707,0.678,0,2,0.319,-4.87,1,0.0728,130.054,4,0.543,leave me for dead,GAYLE,0
28PCjIXE4NJWDIqpRsD3rl,0.404,0.755,0.597,0,2,0.278,-5.843,1,0.0371,120.035,4,0.728,Cupid – Twin Ver. (feat. Sabrina Carpenter),FIFTY FIFTY,0
2ogKhhoMClkFXek7ZgxAhN,0.0197,0.377,0.651,5.31e-05,4,0.174,-5.437,0,0.0589,129.607,4,0.0851,Shameless,Camila Cabello,0
4Bdpn1gSDegE9ZXOIOO0tz,0.00457,0.648,0.786,0.125,7,0.237,-8.463,1,0.0357,130.027,4,0.561,Smooth Operator,MOONLGHT,0
5zQR0qoA4S1Iwj2bAwW03a,0.815,0.757,0.405,1.16e-06,3,0.143,-10.403,1,0.0902,83.024,4,0.332,Best Friend,Laufey,0
4KGGeE7RJsgLNZmnxGFlOj,0.942,0.449,0.353,0.0786,7,0.109,-12.986,1,0.0915,165.888,4,0.55,Falling Behind,Laufey,0
43MifzVnh8W3jJN0xqU9jR,0.106,0.633,0.643,0.00831,0,0.78,-8.122,1,0.0252,103.842,4,0.472,Wasted Summers,juju<3,0
190jyVPHYjAqEaOGmMzdyk,0.000688,0.602,0.843,5.27e-05,0,0.0682,-4.831,1,0.0593,128.003,4,0.526,Beauty And A Beat,Justin Bieber,0
7r2DoJ1tzl12CJ3fbsmoUT,0.883,0.51,0.202,1.59e-06,0,0.119,-13.051,1,0.0477,104.967,4,0.139,anatomy,kenzie,0
2NbsBSshscKIPRG3kwBbfo,0.499,0.436,0.409,0.000166,5,0.38,-4.438,1,0.0533,98.357,3,0.363,Never Felt So Alone,Labrinth,0
1Y3LN4zO1Edc2EluIoSPJN,0.777,0.551,0.55,0,10,0.202,-5.339,1,0.0286,101.19,3,0.342,Until I Found You (with Em Beihold) - Em Beihold Version,Stephen Sanchez,0
7aqfrAY2p9BUSiupwk3svU,0.0277,0.47,0.64,0,2,0.382,-7.779,1,0.32,163.92,4,0.248,First Person Shooter (feat. J. Cole),Drake,1
1xWkeSPhf3bZqHY7Ncz8vp,0.134,0.731,0.667,0,7,0.114,-7.928,0,0.0815,123.042,4,0.485,500lbs,Lil Tecca,1
2Gk6fi0dqt91NKvlzGsmm7,0.0585,0.773,0.635,0,10,0.132,-5.06,1,0.0452,121.879,4,0.476,SAY MY GRACE (feat. Travis Scott),Offset,1
2YSzYUF3jWqb9YP9VXmpjE,0.0464,0.663,0.67,8.92e-05,8,0.205,-8.399,1,0.271,136.952,4,0.138,IDGAF (feat. Yeat),Drake,1
6wsqVwoiVH2kde4k4KKAFU,0.0186,0.927,0.619,0,5,0.104,-4.441,0,0.0539,117.995,4,0.817,I KNOW ?,Travis Scott,1
0zbGWzQkLY5wn4xyiLYEi0,0.0107,0.909,0.564,0,2,0.109,-7.483,1,0.31,146.94,4,0.548,Glizock & Wizop (feat. Key Glock),Gucci Mane,1
4367dXCt02KMgELPisJ2D4,0.0724,0.736,0.645,0.00086,1,0.136,-5.195,1,0.0807,132.024,3,0.201,HVN ON EARTH (with Kodak Black),Lil Tecca,1
35gu7pEQ2gOLUvskspCD3Y,0.225,0.805,0.63,0,1,0.204,-6.467,0,0.174,129.232,4,0.567,Bachelor,Turbo,1
7idI4LLo9LVLqrvvzhSj3n,0.0981,0.877,0.229,0,1,0.139,-15.385,1,0.553,134.991,4,0.336,First Day Out (Freestyle),Rundown Spaz,1
6N7TGPYfGP2oxiy9Cpaz9G,0.00789,0.886,0.558,0,1,0.133,-7.806,1,0.346,75.499,4,0.614,Presha (with Lil Wayne),2 Chainz,1
7LTCmtMpf3JPfBE8gAl64z,0.577,0.869,0.557,0,11,0.139,-7.112,0,0.384,124.927,4,0.629,Turn Yo Clic Up (feat. Future),Quavo,1
4rXLjWdF2ZZpXCVTfWcshS,0.119,0.847,0.622,0,1,0.285,-6.747,0,0.0903,130.001,4,0.22,fukumean,Gunna,1
2Ge2ZhznMuO22wIQ9Z5Wql,0.385,0.772,0.759,0,4,0.244,-4.204,0,0.0303,137.026,4,0.137,Hope You Know,Kodak Black,1
11BbPUv7NlzlcbY7AmHHKy,0.102,0.867,0.673,0.019,6,0.104,-6.928,0,0.101,103.014,4,0.567,AT THE PARTY (feat. Pharrell Williams & Travis Scott),Kid Cudi,1
3Kh8X9lHztqVBTgw30HbXn,0.709,0.816,0.649,0,0,0.52,-5.12,0,0.242,138.056,4,0.686,Cobra,Megan Thee Stallion,1
3ScMs95OaNlkrZuRe7gyYa,0.0195,0.831,0.793,0,1,0.259,-4.127,1,0.369,144.967,4,0.833,PISTOL PACCIN,NLE Choppa,1
2nibvvDdAQkVraYP00z2RS,0.0548,0.571,0.55,0,0,0.179,-6.567,1,0.106,120.947,4,0.104,Calling For You (feat. 21 Savage),Drake,1
6Qc90FMwNUjJ2M893RdYUg,0.0538,0.677,0.658,0,2,0.167,-6.223,1,0.293,189.976,4,0.164,BROAD DAY (feat. Future),Offset,1
7GkZ2cx7i74zu1piQy3i6T,0.0137,0.915,0.618,5.23e-06,7,0.18,-8.581,1,0.0881,140.964,4,0.154,Baller,NAV,1
5gzEL5O1ubbtIHUhLkSMTz,0.00412,0.746,0.549,1.02e-06,9,0.331,-7.459,1,0.348,164.928,4,0.491,Loop Hole (feat. 21 Savage),Tee Grizzley,1
5ia8VbDkfzWBjC6f3bOTt1,0.119,0.822,0.64,2.17e-06,8,0.29,-10.131,1,0.31,142.106,4,0.611,24 hours to live,Joyner Lucas,1
2IGMVunIBsBLtEQyoI1Mu7,0.269,0.868,0.538,3.34e-06,5,0.0901,-8.603,1,0.174,99.968,4,0.732,Paint The Town Red,Doja Cat,1
1i9lZvlaDdWDPyXEE95aiq,0.575,0.458,0.535,0,5,0.168,-4.854,0,0.0281,82.826,4,0.216,TELEKINESIS (feat. SZA & Future),Travis Scott,1
4EKfEZ89t2DzU41RbsyFC6,0.531,0.646,0.758,0,2,0.363,-5.673,1,0.398,73.318,4,0.407,Big Dog (with Lil Wayne),Benny The Butcher,1
3h4HlcmWdexWJ6SSyZG67E,0.0543,0.799,0.751,0,8,0.432,-3.848,1,0.313,131.073,4,0.72,To The Bank,Lil Wayne,1
3kfhS2L56Wj8fBcu7xE47H,0.13,0.544,0.496,0,0,0.166,-12.032,1,0.21,103.148,5,0.314,Turks & Caicos (feat. 21 Savage),Rod Wave,1
6ulEymrJ2Azx1uo3YHSE5w,0.379,0.862,0.621,0,2,0.415,-7.423,1,0.283,124.081,4,0.239,Bent,41,1
3CUMd8XMv3LBSLrDrKoXQE,0.0111,0.542,0.695,0,11,0.114,-6.539,0,0.183,70.934,1,0.306,From A Man,Young Thug,1
2hkcNrUwTVwKqjfUO1Kx3d,0.132,0.558,0.657,0,1,0.147,-4.853,1,0.232,91.306,4,0.5,Did Me Wrong,A Boogie Wit da Hoodie,1
6xVdq7lcNHpELteLBfrkY2,0.00905,0.715,0.673,0,1,0.109,-4.553,1,0.329,88.536,4,0.203,Lyrical Eazy,Rick Ross,1
7icwQvajsokotDfM3tefW6,0.231,0.739,0.536,0,1,0.35,-10.843,1,0.308,82.549,4,0.64,SkeeYee,Sexyy Red,1
67nepsnrcZkowTxMWigSbb,0.012,0.557,0.774,0,7,0.396,-5.275,0,0.351,111.975,4,0.397,MELTDOWN (feat. Drake),Travis Scott,1
545yB924QumhJ43PN4ufyF,0.193,0.664,0.777,0,0,0.437,-4.669,0,0.338,152.232,4,0.757,Deep Down,YoungBoy Never Broke Again,1
2eLrDMQnosvAOTzoZ8bRZZ,0.000235,0.899,0.648,0.000802,6,0.221,-6.104,1,0.463,155.002,4,0.424,No Hook 2,Key Glock,1
6GeNWEE6sxYf5hMO93gw42,0.183,0.83,0.831,0,11,0.259,-3.743,1,0.213,169.998,4,0.96,Different Breed (feat. Swae Lee & Latto),Mike WiLL Made-It,1
166lmjn9xjWj1AEdGX8PYh,0.271,0.676,0.844,0,5,0.0994,-4.831,0,0.407,163.992,4,0.424,FAN,Offset,1
2XkuWK1lXOPkxdWdM78Q0l,0.000156,0.831,0.362,0.0162,1,0.168,-6.085,1,0.229,139.941,4,0.313,Demons,Doja Cat,1
2c7sRekhMGlj7u1WIIzoQu,0.00437,0.538,0.669,1.03e-05,1,0.43,-4.97,1,0.0518,141.659,4,0.0389,Fighting My Demons,Ken Carson,1
3FjK86616FbluOfTxNK2gY,0.399,0.931,0.401,2.05e-06,0,0.266,-8.756,1,0.158,128.871,4,0.613,A N X I E T Y (feat. Doechii),Sleepy Hallow,1
6WYo4HDHHvMJZU1lNebB3V,0.142,0.752,0.643,0,7,0.0889,-5.561,1,0.458,175.988,4,0.805,Kat Food,Lil Wayne,1
3MbOT5mzE94Ne0Hv51akoS,0.199,0.831,0.439,0.00153,5,0.133,-7.892,0,0.323,105.104,4,0.353,Brand New,Tyga,1
4hGmQboiou09EwhcTWa0H6,0.252,0.67,0.562,0,5,0.242,-7.653,0,0.233,97.919,4,0.18,Another One Of Me (feat. 21 Savage),Diddy,1
2z2gqgwu1GCurpZJYzcytE,0.0761,0.741,0.509,2.9e-06,10,0.114,-12.639,1,0.0532,152.078,4,0.345,Boyz Don't Cry,Rod Wave,1
1BmI4EYdfzbg8DlV6pHYrY,0.00933,0.908,0.561,0,4,0.111,-7.683,0,0.301,146.018,4,0.559,Peaches & Eggplants (feat. Latto & Sexyy Red),Young Nudy,1
0Yn7YAYQVEtOZYJDhRN1Le,0.0243,0.582,0.66,0,5,0.113,-5.624,1,0.351,82.141,4,0.531,Go Again,42 Dugg,1
1llzRvV9QpuNHjPu0rVQSp,0.00209,0.852,0.735,0,5,0.103,-3.6,1,0.161,90.505,4,0.572,There I Go (feat. J. Cole & Mike WiLL Made-It),Gucci Mane,1
4YQImHflXSiIMXntcwPkx8,0.0791,0.726,0.738,0,0,0.0297,-4.788,1,0.355,121.953,4,0.896,Bongos (feat. Megan Thee Stallion),Cardi B,1
4hrd3G5XnJzDC5LZw0Fwgu,0.00654,0.707,0.645,2.38e-06,6,0.344,-5.395,0,0.321,150.014,4,0.524,ISSA PARTY (feat. BabyDrill),Latto,1
39fKVWP7D9qAmkM8qjRQoC,0.472,0.621,0.462,0,11,0.153,-6.268,1,0.428,89.23,4,0.267,Thang For You (feat. NoCap),Rylo Rodriguez,1
59GEWDzQgCXM55aGZDWSrQ,0.00555,0.882,0.569,0,1,0.107,-5.934,1,0.3,145.995,4,0.394,NO FINSTA,DaBaby,1
4LadsagnXZM7SEOpHjHIHA,0.077,0.681,0.686,0,11,0.21,-5.259,1,0.31,151.137,4,0.568,Looking For The Hoes (Ain’t My Fault),Sexyy Red,1
5JYPXqMwYc0zTODQdjMEZN,0.123,0.789,0.763,2.22e-05,1,0.132,-6.169,1,0.199,140.107,4,0.272,Deli,Ice Spice,1
6c6WmIHcHlhccEwSFBhzNa,0.0282,0.849,0.614,0,1,0.0603,-7.323,1,0.317,111.363,5,0.472,Put It On Da Floor Again (feat. Cardi B),Latto,1
7gwEKj4xXm9iRqxGhHxSI4,0.0414,0.952,0.724,0,1,0.173,-4.894,1,0.122,104.008,4,0.494,Work For It,City Girls,1
3Q3zd5UhDRBCPW7pPF9QMw,0.165,0.698,0.858,0,2,0.105,-3.53,1,0.407,96.782,4,0.818,Beama (feat. Lola Brooke),Shenseea,1
3ivlOgTCKS7zk1lXlZsebF,0.0864,0.798,0.685,0,1,0.168,-5.439,1,0.1,87.012,4,0.742,Say Too Much,Kaliii,1
51fqkA2jYEfXiUkcQYpCyB,0.00602,0.732,0.7,2.38e-06,2,0.106,-6.474,1,0.0555,98.099,4,0.271,Pit Stop (feat. French Montana),Lola Brooke,1
6j8rjIqqZkKnc0VzLjIN3J,0.0123,0.938,0.467,0.0168,7,0.1,-6.318,1,0.0829,113.982,4,0.54,BGC,Flo Milli,1
5aIVCx5tnk0ntmdiinnYvw,0.0856,0.673,0.722,0,3,0.137,-3.495,0,0.0755,117.187,4,0.519,Water,Tyla,1
4wQmwPWCUn6gi11Gep2qsP,0.00822,0.969,0.707,0,1,0.314,-5.509,1,0.258,124.991,4,0.421,IT GIRL,Aliyah's Interlude,1
6lasIWLndqFchulQMIH5Cm,0.136,0.941,0.656,0,1,0.115,-6.765,0,0.103,129.997,4,0.434,Lackin,Raedio,1
7nn4MXs89QymmNzRreTywe,0.274,0.92,0.759,7.38e-06,2,0.259,-3.349,1,0.108,137.961,4,0.598,Ick,Lay Bankz,1
6NWFWNjsFTQVno7hwkKqFh,0.66,0.768,0.802,0,10,0.142,-8.279,0,0.425,143.945,4,0.535,DILEMMA,Azealia Banks,1
0p1Ei2H706y4ynYaGGJxaY,0.0699,0.826,0.787,0.00245,0,0.13,-5.15,1,0.0822,145.95,4,0.346,Lollipop,Baby Tate,1
1o8Z7GD1CeOaVBEyuzu4HO,0.551,0.481,0.539,0.00539,4,0.12,-7.865,0,0.108,153.277,4,0.621,On My Mama,Victoria Monét,1
7sliFe6W30tPBPh6dvZsIH,0.0187,0.823,0.388,0,1,0.0876,-10.867,1,0.491,154.569,4,0.507,Area Codes,Kaliii,1
1bUhj0j6akbGxinxsVe6PR,0.0735,0.798,0.838,0,6,0.271,-3.385,1,0.173,160.062,4,0.911,You Wish (with Missy Elliott & Kaliii) – Remix,Flyana Boss,1
6TkH5GHcf1U8kfqTkMFsau,0.00972,0.811,0.551,2.13e-05,1,0.0639,-4.242,1,0.098,99.972,4,0.506,You (feat. Bryson Tiller),Lola Brooke,1
0DEjFljgDbPjkm5460EJnA,0.0102,0.882,0.669,0,1,0.112,-4.449,1,0.157,101.989,4,0.275,Face Down,City Girls,1
4pgeI9ohPGzSDeKE1D4dYf,0.116,0.921,0.718,0,9,0.226,-4.486,0,0.106,114.02,4,0.785,"Keep Dat Nigga (Part 2) (feat. GloRilla, Kali & Big Boss Vette)",Icandy,1
7dJYggqjKo71KI9sLzqCs8,0.228,0.75,0.674,8.91e-05,8,0.122,-6.128,0,0.097,123.026,4,0.392,Agora Hills,Doja Cat,1
79DPYZ6x8FfzgSgPoPhpC3,0.0226,0.847,0.434,0.0673,5,0.087,-6.474,0,0.0382,129.967,4,0.293,Last Time I Saw You,Nicki Minaj,1
7r6uppLBApzJPMpDmdFoi4,0.25,0.943,0.625,0,9,0.0981,-7.85,1,0.0699,134.965,4,0.725,"Hey, Mickey!",Baby Tate,1
1iOdhNBdePXR632DhYZVO2,0.188,0.87,0.746,0.0134,11,0.2,-6.098,0,0.0711,140.943,4,0.702,Booty Drop,Doechii,1
24yrJJkmVUMkJHvCaR85BN,0.14,0.571,0.552,0,0,0.109,-7.231,1,0.13,143.024,4,0.393,Snooze,SZA,1
0ZxhtATQ0a6EvQNZ0z6NKV,0.14,0.898,0.676,0,9,0.101,-5.196,1,0.187,147.991,4,0.742,Princess Diana (with Nicki Minaj),Ice Spice,1
0iCsRcu5mugWVlCMpD7wb1,0.354,0.669,0.73,0.00388,1,0.204,-8.574,0,0.206,149.897,4,0.457,K Toven,Kaliii,1
6G4ICKUrsPb117ULGyrQ5N,0.0031,0.743,0.911,1.2e-05,7,0.0878,-5.596,1,0.147,154.933,4,0.891,Na Na Na,Lay Bankz,1
69ZBK01gsgWUnA55BEaAPu,0.0354,0.773,0.607,0,10,0.111,-6.768,0,0.382,155.026,4,0.279,Point Me 2 (with Cardi B),FendiDa Rappa,1
52WoZbGVLrEW0w6AGT9wNS,0.0361,0.779,0.541,1.04e-06,1,0.107,-5.014,1,0.236,160.096,4,0.324,"Wrong One (with Gloss Up & Slimeroni feat. K Carbon, Aleza, Tay Keith)",GloRilla,1
73RbfOTJIjHzi2pcVHjeHM,0.061,0.74,0.758,1.44e-06,1,0.0967,-5.851,0,0.0921,171.925,4,0.757,What It Is (Solo Version),Doechii,1
6IEXjer2qbXhRLFv99NQQv,0.174,0.637,0.634,0,2,0.149,-8.126,1,0.426,178.037,4,0.49,Pound Town 2 (feat. Nicki Minaj & Tay Keith),Sexyy Red,1
2g9dhCaJiK7D0FOgZ9vJlR,0.0272,0.922,0.675,0.000881,9,0.0637,-7.15,1,0.0932,90.006,4,0.79,Pretty Girls Walk (with Coi Leray) - Remix,Big Boss Vette,1
6UliIDFULJHvJpSfQ61zu5,0.0765,0.931,0.688,3.75e-06,1,0.0359,-6.377,1,0.387,95.949,4,0.728,Big Mad (feat. Flo Milli),Icandy,1
4ZYAU4A2YBtlNdqOUtc7T2,0.115,0.696,0.733,0,1,0.111,-6.181,1,0.256,98.355,4,0.292,Red Ruby Da Sleeze,Nicki Minaj,1
7rl489EKnUgITmkBd6P9zi,0.00645,0.776,0.688,0,1,0.0757,-5.75,1,0.127,99.122,4,0.43,Don't Play With It (feat. Latto & Yung Miami) - Remix,Lola Brooke,1
1c99LA5Cf1agM5NMMAzVwc,0.0239,0.88,0.722,1.02e-06,8,0.0307,-5.003,1,0.123,107.015,4,0.559,SHOT O' CLOCK,Saweetie,1
63bY2syFfehnI3Po2TaXL7,0.0153,0.971,0.772,0,11,0.113,-4.593,0,0.232,118.013,4,0.855,Not My N*gga - Extended,KenTheMan,1
6l8mgVN9Xf1hiDIFGA6CTE,0.0112,0.784,0.7,1.76e-05,1,0.163,-5.289,1,0.0396,126.015,4,0.204,AMERICA HAS A PROBLEM (feat. Kendrick Lamar),Beyoncé,1
1xemKSmCnH59ze3KX5wwgH,8.73e-05,0.821,0.341,0.00746,8,0.18,-5.915,1,0.281,139.885,4,0.344,Demons,Doja Cat,1
2aG3cPs5o9QTvVDSs6h1Gw,0.318,0.763,0.662,0,8,0.108,-6.157,1,0.278,143.022,4,0.928,Can’t Get ‘Em,Kaliii,1
741UUVE2kuITl0c6zuqqbO,0.519,0.77,0.58,0.000127,0,0.233,-8.393,1,0.247,144.072,4,0.753,Barbie World (with Aqua) [From Barbie The Album],Nicki Minaj,1
2GAhgAjOhEmItWLfgisyOn,0.425,0.698,0.546,0.00314,0,0.16,-7.234,0,0.0559,145.044,4,0.335,Low,SZA,1
132Yd321hAG0oOz3lbiqig,0.00179,0.904,0.611,1.78e-06,1,0.0815,-7.001,0,0.314,85.015,4,0.64,Lick Or Sum,GloRilla,1
72vMwCjJuRRa1r0bhFBbE1,0.0312,0.938,0.613,0.000162,11,0.0982,-7.959,0,0.22,99.938,4,0.275,Bops,Coi Leray,1
50kWigrg0O9DFUzzbgJMZO,0.459,0.293,0.576,0,1,0.123,-12.365,0,0.119,156.142,4,0.544,jersey luv,GROOVY,1
2gy2UTbkgMVai4uB2oqeqh,0.0824,0.721,0.585,0,0,0.128,-4.732,0,0.15,158.055,4,0.424,Suffice,Toosii,1
6ZOCnU7MLtcZeRKAxgsqTT,0.259,0.707,0.502,0,1,0.116,-7.027,1,0.459,77.565,4,0.493,Your Friends,Hunxho,1
1spPgvtcDwxARDc8i6TYjT,0.243,0.462,0.481,0,1,0.304,-8.751,1,0.252,127.676,4,0.231,YEAH YEAH!,Eem Triplin,1
3nL3bZOWuFBbH4KKaWW1Vq,0.561,0.873,0.736,5.13e-06,1,0.102,-8.077,1,0.307,146.133,4,0.655,Everything Dead,22Gz,1
1saV6V91Azb0559mxmX4nF,0.0244,0.67,0.626,0,1,0.0859,-4.357,1,0.156,159.897,4,0.168,Mama (with Skilla Baby & Tay B),Rob49,1
6iiCzEd1ULpq7nXbZVQ4pi,0.258,0.836,0.409,4.92e-06,9,0.242,-14.189,1,0.188,101.931,4,0.233,Soak City (Do it),310babii,1
30TEsD9nJfrJSRL1RTJMDg,0.221,0.859,0.598,0,7,0.0539,-5.813,1,0.282,140.039,4,0.799,"Stomp Stomp (with Kyle Richh, Jenn Carter, TaTa & Dee Billz)",41,1
3mNw70F0wDJXItFYEoQ56L,0.00281,0.808,0.673,0.011,11,0.125,-6.275,1,0.153,136.011,4,0.424,Gunz in SOHO,Homixide Gang,1
5u8m1YQAVoyu5k81b5DWvr,0.00133,0.613,0.685,0,4,0.296,-6.795,1,0.292,163.994,4,0.289,Family Freestyle,Lil Dann,1
1nQaTUDJ7Rc4yOvZmg9Ozr,0.028,0.93,0.682,0,9,0.129,-8.799,1,0.331,126.003,4,0.962,Mmhmm,BigXthaPlug,1
2aA3Xz6XKAo96jp03h4Zak,0.0383,0.574,0.635,0,0,0.147,-6.292,1,0.37,180.181,4,0.35,Ice Cream (feat. YN Jay & Riff Raff),BabyTron,1
5n2V631qeQri7jI6Kvbm4j,0.0306,0.679,0.483,2.25e-05,1,0.21,-8.072,1,0.203,143.115,4,0.268,Shake Yo Dreads,Sexyy Red,1
3dyhk17fDgslADTDnU6sgG,0.0413,0.661,0.529,0.0113,8,0.167,-4.916,1,0.256,166.076,4,0.131,60 Miles,Lil RT,1
725UfuWEXWg0C7PCqP8HIz,0.0925,0.792,0.675,0.000118,11,0.18,-6.972,0,0.197,101.612,4,0.393,Walk,310babii,1
0jRiVMnGBnuyXQsIVwbDSK,0.406,0.718,0.686,9.32e-06,1,0.126,-7.618,1,0.255,95.027,4,0.462,Slow It Down,John Mackk,1
5XifYEXMiyMiMNqXIWTly5,0.711,0.569,0.614,0,7,0.264,-7.434,0,0.479,98.456,4,0.645,Kall Me (with Omeretta the Great),Lady London,1
1PPU73L2zCaInN9gZgWl0p,0.0808,0.484,0.603,0,4,0.31,-5.864,0,0.32,165.97,4,0.397,MORE THAN SORRY,Ryan Trey,1
1GlLIz7AtCYnwvXpz2rzbo,0.454,0.556,0.46,0,11,0.154,-6.257,1,0.466,80.542,1,0.273,Thang For You (feat. No Cap),Rylo Rodriguez,1
6Ckxadd19A2tjI2sjwWo1v,0.00272,0.844,0.736,0,10,0.111,-5.527,0,0.132,99.971,4,0.906,Leave Her Alone,Dess Dior,1
4sZJgYizP3YR9MkQ7SaRjX,0.171,0.765,0.433,4.11e-06,5,0.112,-8.005,0,0.328,173.964,4,0.197,BRB,Anycia,1
2fM2PrwFBbaiK88Nw6CjdK,0.381,0.945,0.787,1.17e-06,1,0.0905,-6.41,1,0.241,138.975,4,0.816,Honeybun,LeoStayTrill,1
1jrjUPWrfMw8RBbZ9PlX0W,0.315,0.718,0.508,0,0,0.0523,-8.45,1,0.0523,144.055,4,0.638,Highs & Lows,Prinz,1
3lJ0OmRN1dQE4JXucRHDpA,0.00603,0.677,0.614,0,1,0.137,-5.841,1,0.0962,150.088,4,0.12,Get Back,YTB Fatt,1
0fjJon7hJQ6nH6Cz4w0AcT,0.159,0.61,0.692,0,1,0.211,-6.679,1,0.424,84.726,4,0.523,Not a Drill,Veeze,1
5maOp2FZomEiboxhl9yh2z,0.0525,0.53,0.677,0,1,0.126,-7.099,0,0.473,78.128,4,0.612,Gun Class II (feat. Nardo Wick & G Herbo),MudBaby Ru,1
7M1kT1qfYZjE8L2Bik8eUO,0.254,0.728,0.781,0.000112,7,0.351,-5.671,1,0.365,141.079,4,0.618,Luv 4 My Block,Sha EK,1
1N1OEPRVwRpimvSL6H3Mwx,0.0202,0.676,0.681,0,2,0.303,-8.034,1,0.376,76.772,4,0.542,Catch A B,MAF Teeski,1
04hgBWsBDEyVP8pH0BCZbG,0.000143,0.68,0.618,0,1,0.231,-6.288,1,0.0413,139.825,4,0.498,Jennifer’s Body,Ken Carson,1
4NgMDPV2mIh6MUkqkyNmP3,0.00521,0.853,0.476,7.01e-05,10,0.316,-5.714,0,0.346,139.867,4,0.188,What It Is?!,Pi’erre Bourne,1
4rithk0wQbWsppbWiaFFgE,0.022,0.434,0.669,0,2,0.121,-7.463,1,0.0409,96.679,4,0.125,Self Esteem (featuring NLE Choppa),Lambo4oe,1
1fxlHuMfJPa0de1WJHOwBf,0.000254,0.704,0.585,1.29e-06,0,0.105,-5.459,1,0.323,169.979,4,0.343,Come Outside (feat. YTB Fatt),Icewear Vezzo,1
7LUKVdkfqKV52DrH8ITMqS,0.148,0.963,0.744,1.15e-05,0,0.371,-6.311,1,0.19,119.989,4,0.852,Grip,Baby Tate,1
1NU1Ee13eBlicWPRgLNWOc,0.161,0.754,0.622,0,1,0.108,-6.298,0,0.348,78.023,4,0.311,Sin City,Shordie Shordie,1
6Ir8jlNR8bBTg9tKIaSDhW,0.0165,0.801,0.536,0,1,0.265,-6.089,1,0.241,91.002,4,0.369,Gumbo Mix (with YTB Fatt),Skilla Baby,1
1QKde7vZ5QM4dZn6TLyEmO,0.0811,0.7,0.654,0,5,0.188,-4.491,0,0.0807,79.994,4,0.349,NASA (with ATL Jacob),Hotboii,1
4lcrZiMuwz0VWiwrrqGgOW,0.111,0.695,0.666,0,6,0.161,-6.368,0,0.195,93.487,4,0.131,Just Like Me,Heembeezy,1
2Lesv91L9paVZjIPpu0jx6,0.0191,0.738,0.576,0,1,0.0713,-5.945,1,0.284,155.039,5,0.434,Get Lucki,Veeze,1
4j5vI66Qz7HU9jumYqggzX,0.00209,0.683,0.627,0.00229,8,0.11,-8.489,1,0.0921,129.985,4,0.256,CRUEL WORLD,$NOT,1
5jv854w0ZHUCesbjFHIxSs,0.128,0.656,0.692,0,1,0.174,-6.352,0,0.269,93.105,4,0.498,With My Boo,SleazyWorld Go,1
06pDFA1R4GHG9DbzshvbA3,0.0351,0.686,0.622,0,1,0.107,-7.867,1,0.0399,129.918,4,0.151,DO NOT DISTURB,Mike Dimes,1
2l48XirhkqQ5qRqtwItNXn,0.00234,0.603,0.689,2.03e-06,8,0.113,-6.586,0,0.138,150.056,4,0.405,Paranoid (feat. Destroy Lonely),Ken Carson,1
0avQvapA4ZO9XojUpsaDL5,0.017,0.365,0.666,0.473,11,0.123,-9.94,1,0.373,148.455,4,0.363,Intro,Peezy,1
4fcXf7kKugatldnInKIH4V,0.0547,0.893,0.779,0,0,0.0736,-5.692,0,0.306,153.162,4,0.749,No Problems,Superstar Pride,1
5YVx3owPqLK5VH8gTNvhZn,0.0633,0.873,0.451,2.06e-05,1,0.126,-10.382,1,0.295,97.992,4,0.434,About Us (with Tay Keith),Lil Darius,1
6fxgWsJWzQWKq2YoAJNLey,0.201,0.925,0.49,0,1,0.0932,-5.417,1,0.159,99.041,4,0.212,BUTTERFLY COUPE (feat. Quavo) - PART 2,Kalan.FrFr,1
6EZevl0aJzkUmW0MUQKC1p,0.00216,0.671,0.557,0,1,0.351,-4.387,1,0.197,98.345,4,0.118,$1M,BabyTron,1
3NbQIxqkq36cy5a8Ub9vZ0,0.0594,0.711,0.535,0,1,0.46,-6.183,1,0.245,143.051,4,0.402,"Likka Sto 2 (feat. Travis Scott, G Herbo & BIA)",Lil Blessin,1
0wnZP5KJSJ8xmTJmmjOqwr,0.0026,0.92,0.662,0.00131,0,0.0856,-7.659,1,0.244,120.012,4,0.767,Barbie,JaidynAlexis,1
03Z1yhSewsReSk6a5GBZOh,0.00102,0.718,0.564,0,11,0.137,-11.324,0,0.387,155.054,4,0.594,Bubba Man,Real Boston Richey,1
76a7EJ2vt0x9kQPmNRCruL,0.032,0.74,0.606,0,6,0.384,-6.975,0,0.26,133.018,4,0.682,CLASSY (feat. Tony Shhnow),Joony,1
3WaojRhCnye5o9CPS618wn,0.12,0.589,0.638,0,6,0.177,-6.42,1,0.31,127.91,5,0.537,Do Something (with Jeremih),Lady London,1
4hNdFY5XiWlcdVY8zBoE8b,0.862,0.593,0.462,0.000419,8,0.133,-9.048,0,0.0372,139.976,4,0.186,Clocking U,Cash Cobain,1
3TN2HZSll8ueBFtt88VbfX,0.0437,0.804,0.717,7.33e-06,1,0.192,-7.04,1,0.279,140.089,4,0.489,Pressure,Rushy,1
1gxAYSMc1jbibsnpT3Rflc,0.00837,0.738,0.577,0,1,0.117,-4.916,1,0.322,154.996,4,0.341,Hellcats SRTs 2 (with Lil Durk),Sexyy Red,1
35uuAlEbvARgXm4lULDyUy,0.256,0.569,0.532,0,11,0.321,-6.523,0,0.325,109.934,5,0.342,Wicked Romance,Scorey,1
4xWMEQ524bQkqVcI5ZC3HS,0.0125,0.671,0.469,0,1,0.133,-5.135,1,0.0525,148.006,4,0.319,Snowman,Icewear Vezzo,1
0n177AtFQY4VoYEGAV2EcZ,0.273,0.641,0.701,0,1,0.122,-9.185,1,0.377,159.898,4,0.526,On A Star (feat. FendiDa Rappa & Raiche),Lil Eazzyy,1
6tiYQ631gOeBb2jCtaIs0R,0.531,0.893,0.513,0,4,0.153,-7.958,0,0.364,126.061,4,0.758,Hit List (with BigXthaPlug & Big Yavo),That Mexican OT,1
1XoANQIq3IKd0YsZTDd4RR,0.034,0.588,0.515,0,2,0.223,-7.162,0,0.413,106.482,5,0.252,Equal Dirt,Rylo Rodriguez,1
3rHmxbNUs7TRTu1Bc2a1BC,0.139,0.777,0.789,6.19e-06,1,0.104,-3.953,1,0.0593,117.966,4,0.304,No Amiris,Peezy,1
5d4W5Dx66VNDhkhK2KRLpN,0.0808,0.729,0.723,0,10,0.183,-4.997,0,0.0957,157.07,4,0.881,Just In Time,Pyrex Pryce,1
3dcwO3xoYHYp3PFhMlACmE,0.0347,0.691,0.733,0,0,0.226,-6.203,1,0.238,160.919,4,0.466,BING BONG (Remix) [feat. Sexyy Red],BlakeIANA,1
0CtuA9sDnOAU3NM8bHIMyu,0.0173,0.859,0.446,0,2,0.0826,-8.711,1,0.324,153.091,4,0.377,Wassup Gway,FamousSally & YB,1
4smtHPDOwSpkqx2BN5QSwr,0.122,0.665,0.718,0,9,0.123,-5.059,0,0.343,183.011,4,0.36,Rich Talking (feat. BabyTron),Babyfxce E,1
35gPF7j6rBRHKUe4zsXqry,0.000279,0.692,0.557,0,10,0.102,-8.109,0,0.0528,140.026,4,0.353,Lost & Found,D. Savage,1
52pTh7e1s3Sy9wjpuZv1eo,0.0407,0.723,0.641,0,9,0.108,-5.1,0,0.119,89.971,4,0.791,In Your Hands (feat. Ty Dolla $ign),Maiya The Don,1
5wJzWIpTjufasyBhPmfPwm,0.114,0.726,0.843,0,5,0.111,-4.253,0,0.369,84.024,4,0.743,Yes,Hunxho,1
0eyFCLT8pkBjqxgkgypZGk,0.188,0.825,0.592,1.36e-06,10,0.051,-7.482,1,0.13,145.962,4,0.696,F* TASTE,Yoshi T.,1
3EyKj3YyiJoyb4rnYfSfcD,0.351,0.876,0.571,6.97e-05,5,0.0795,-9.377,1,0.326,86.977,4,0.611,Time Out,TOBi,1
47AnQOnGJsW36cWmYtKB5u,0.154,0.713,0.612,0,10,0.216,-6.746,1,0.349,146.093,4,0.259,Remember,SheedTs,1
1XI5uLRKZFPohL9mzfSECQ,0.0213,0.743,0.63,2.82e-06,8,0.32,-6.816,1,0.25,134.992,4,0.271,Day in the Life,BigWalkDog,1
3B0pDi9aLzcICJfBCA3Lgq,0.123,0.507,0.498,0,1,0.259,-7.669,0,0.293,143.589,4,0.126,catch a kill,Destroy Lonely,1
3dX2DItyqF78yNhPJZakmM,0.123,0.641,0.745,0,9,0.176,-4.883,0,0.119,73.02,4,0.32,Sideways (with NLE Choppa),Fredo Bang,1
1nXEbGvVAWGRFwVRBu1YSY,0.18,0.868,0.63,3.69e-05,8,0.118,-8.041,1,0.221,142.002,4,0.425,TLC,Digga D,1
5vL9fTDxOGPB0RIyu2QrcZ,0.459,0.754,0.644,0,7,0.35,-8.499,1,0.42,146.024,4,0.792,Special Bullets,Danny Towers,1
0ON7bBXpaFPRoWzaHhBrDl,0.145,0.659,0.516,0.000183,9,0.0881,-9.432,1,0.192,90.072,4,0.328,Psilocybin,Peezy,1
58BFQlOjR0A3K48J6QAz6O,0.678,0.796,0.52,0,2,0.358,-7.031,1,0.34,76.996,4,0.458,Bae,Skilla Baby,1
6qWlp0154BPzimbk2CPkMm,0.172,0.935,0.674,0,1,0.0839,-5.066,1,0.272,102.035,4,0.629,Underrated (feat. MoneySign Suede) - Remix,Zoe Osama,1
08427CeuqM3qFTOUioNbNR,0.232,0.925,0.21,0,10,0.0913,-11.329,0,0.16,125.022,4,0.69,Privacy,Lil Goat,1
092AkJoxUPmg2OH5TyjGKn,0.00805,0.638,0.708,0,11,0.147,-4.367,1,0.243,146.105,4,0.487,"Can’t Go To Jail (feat. Sett, YTB Fatt)",Finesse2tymes,1
09A7OM0R7yazApSFe0v1SA,0.0182,0.533,0.773,0,9,0.192,-5.747,1,0.324,98.747,3,0.537,Jenn Jenn Jenn,41,1
1T4T1ht4F40NRwelsmQlW1,0.00419,0.852,0.53,7.11e-06,1,0.096,-10.32,1,0.289,139.967,4,0.296,Ghetto & Ratchet (with Jenn Carter) - Remix,Connie Diiamond,1
6LlqdoSjvt0ANFOTIX5cn5,0.0511,0.752,0.501,0,1,0.122,-7.328,1,0.247,81.982,4,0.363,Rapper of the Year,Luh Tyler,1
1tNIrPGSAhs4wquxihb01G,0.114,0.888,0.733,0,10,0.141,-7.237,0,0.35,99.467,4,0.407,Yea Freestyle,Cash Kidd,1
1yg9VKFZ4nAtylknE3lUHo,0.343,0.801,0.743,0,5,0.111,-4.752,0,0.168,100.016,4,0.177,Do The Most,Dustystaytrue,1
5oPGSnMmza9IFsalYmY7dA,0.0241,0.746,0.722,0,1,0.111,-7.651,0,0.287,147.049,4,0.548,We Did It,DeeBaby,1
0pSOqjxYRQ0HjHs1LbxIkw,0.0456,0.839,0.5,1.32e-05,1,0.0649,-8.568,0,0.176,110.028,4,0.718,No Statements,ScarLip,1
42VsgItocQwOQC3XWZ8JNA,0.0316,0.569,0.882,0,3,0.142,-2.777,0,0.06,148.038,4,0.201,FE!N (feat. Playboi Carti),Travis Scott,1
47ZsXjz2eWMN73dllWQp6d,0.00484,0.815,0.733,0,0,0.0659,-3.811,1,0.214,145.01,4,0.557,WE SEE YOU,NLE Choppa,1
4ZT0wGKwlJRjpMUuwZVy3p,0.0149,0.566,0.564,0,10,0.104,-7.88,0,0.277,139.92,4,0.0667,Daylight,Drake,1
4daEMLSZCgZ2Mt7gNm2SRa,0.492,0.64,0.609,2.47e-06,1,0.152,-7.714,0,0.304,131.889,4,0.393,Flooded The Face,Lil Uzi Vert,1
1yeB8MUNeLo9Ek1UEpsyz6,0.0377,0.645,0.729,0,2,0.384,-4.56,1,0.0528,146.01,4,0.142,Rich Baby Daddy (feat. Sexyy Red & SZA),Drake,1
5C8h9PY9oTneqJihbn10NB,0.258,0.836,0.409,4.92e-06,9,0.242,-14.189,1,0.188,101.931,4,0.233,Soak City (Do it),310babii,1
73S4fsK22WH929PLFNYgOj,0.0401,0.926,0.577,0,10,0.23,-6.805,0,0.367,134.383,4,0.304,JEALOUSY (feat. Cardi B),Offset,1
1kwPxt35W7cG3rryxR48PO,0.416,0.971,0.671,0,10,0.128,-5.26,0,0.154,119.965,4,0.754,Johnny Dang (with Paul Wall & DRODi),That Mexican OT,1
1bEwAeGJvobpPDTkw1mnb3,0.168,0.811,0.651,0,1,0.111,-6.323,1,0.129,135.968,4,0.17,SKYAMI (feat. Mango Foo),Offset,1
6fAykULmAdoUNqIorQZAVs,0.218,0.797,0.455,0,9,0.0776,-10.97,1,0.109,129.95,4,0.0335,Young & Free,K CAMP,1
5wG3HvLhF6Y5KTGlK0IW3J,0.18,0.571,0.549,0,1,0.168,-7.38,0,0.404,119.497,4,0.447,Trance (with Travis Scott & Young Thug),Metro Boomin,1
3z5hvnhC1rksnJNKR7rvqX,0.171,0.85,0.752,4.43e-06,4,0.0889,-7.597,0,0.178,127.988,4,0.926,Barry,AG Club,1
7qLr3HMApUbyDkUvgIvHnB,0.0517,0.808,0.789,0,7,0.0819,-5.88,0,0.236,136.01,4,0.465,Oh U Went (feat. Drake),Young Thug,1
0lodMO0qK83vfPiiD7FMEt,0.06,0.715,0.567,0,1,0.0655,-4.481,0,0.0865,160.098,4,0.332,TOPIA TWINS (feat. Rob49 & 21 Savage),Travis Scott,1
4EzkcqltSOxYE2lstuLOFs,0.195,0.939,0.521,0,1,0.201,-7.468,1,0.379,124.995,4,0.515,Pull Up (feat. 21 Savage),Toosii,1
5IN2qvFpISNge4Bed3fJz4,0.51,0.768,0.881,0,10,0.127,-2.995,0,0.305,144.979,4,0.526,Why Would I?,Fivio Foreign,1
5RknKQS8uPXks3pCETEUKY,0.129,0.796,0.645,0,1,0.128,-7.942,1,0.22,92.002,4,0.668,Grizzley 2Tymes (feat. Finesse2Tymes),Tee Grizzley,1
52NGJPcLUzQq5w7uv4e5gf,0.0846,0.843,0.669,1.28e-05,1,0.105,-4.105,0,0.0639,136.979,4,0.435,Private Landing (feat. Justin Bieber & Future),Don Toliver,1
4RjLOOdis03Tfu8rpcnUBu,0.0493,0.737,0.566,0,9,0.146,-6.469,0,0.0763,139.941,4,0.46,"WOO [Feat. PlayThatBoiZay, Chief Pound]",Denzel Curry,1
25iB3wmUOdPF4mj9lNjbtH,0.000331,0.667,0.758,0,0,0.14,-4.935,1,0.0489,144.98,4,0.377,Dead or Alive,Lil Tecca,1
3qnznOzVFYuDWjidDAxEV4,0.303,0.838,0.78,0,2,0.263,-4.996,1,0.233,106.989,4,0.815,West Coast Weekend,Tyga,1
2FDTHlrBguDzQkp7PVj16Q,0.186,0.916,0.583,0,1,0.0798,-8.067,1,0.241,141.095,4,0.661,Sprinter,Dave,1
032UZ3KVrzII6AE9Abnj7z,0.027,0.933,0.533,0.00416,5,0.118,-8.0,0,0.0585,140.991,4,0.552,Go Off,Doja Cat,1
6nmSkbapT1YnObUA8TyF8e,0.079,0.891,0.542,0,2,0.0935,-6.146,1,0.401,82.52,4,0.324,"Big Dawg (Moneybagg Yo, Sexyy Red)",Moneybagg Yo,1
5hmKP4aC7jSNXYD6Suoq4y,0.0487,0.968,0.515,9.18e-06,0,0.105,-8.085,1,0.0945,117.01,4,0.424,Ochoa,Money Man,1
02G0mbFgtqS3h1Ek29tBWW,0.00236,0.597,0.472,0,2,0.141,-8.915,1,0.414,161.122,4,0.164,Smack Sh*t,Doe Boy,1
3V0A5gVJFGy4Hmo3MJ59uD,0.0105,0.853,0.574,2.4e-06,0,0.102,-6.082,1,0.197,142.982,4,0.526,The One,Yo Gotti,1
1VEPKq5jNdUyemcq29h5ki,0.0738,0.837,0.394,1.26e-06,7,0.0958,-9.03,1,0.0424,100.047,4,0.616,Doin Yo Stuff,Blxst,1
3lcfs9Qjfxzy00VSVkixDv,0.209,0.818,0.51,0,2,0.211,-7.05,0,0.408,129.057,4,0.416,I Gotta,Lil Uzi Vert,1
0bkV1iQHSxBaksUqgEkcbc,0.103,0.472,0.551,0,5,0.345,-7.219,0,0.25,83.25,4,0.347,SKITZO (feat. Young Thug),Travis Scott,1
187zHzb6JDM4YDSFNGkQ9u,0.0354,0.456,0.571,0,1,0.148,-4.431,1,0.185,159.929,4,0.121,LANCEY OR LANCEY,Lancey Foux,1
23L1gQJjtlZMrZPZvluyQe,0.0118,0.904,0.461,0,8,0.107,-4.349,1,0.164,148.045,4,0.0794,Presidential Rolex,Key Glock,1
4FyesJzVpA39hbYvcseO2d,0.0652,0.486,0.545,0.00474,11,0.0642,-7.924,1,0.0336,150.187,4,0.0385,Just Wanna Rock,Lil Uzi Vert,1
48rsYvIQXUAtxcmIoStOaM,0.123,0.795,0.55,0,7,0.0873,-5.704,0,0.0882,119.975,4,0.152,ca$h $hit,Gunna,1
5e2jIB5KT9kmTDCBzAmvQr,0.0188,0.822,0.498,0,2,0.0989,-8.47,1,0.245,94.017,4,0.207,Gorgeous,Tee Grizzley,1
4mWbFYZ9P14Ulf1LIFZGhH,0.252,0.786,0.719,0,0,0.301,-7.487,0,0.296,130.081,4,0.802,06 Gucci (feat. DaBaby & 21 Savage),Gucci Mane,1
0FA4wrjDJvJTTU8AepZTup,0.0103,0.686,0.897,0.103,11,0.153,-7.18,0,0.0386,129.975,4,0.355,Watch This - ARIZONATEARS Pluggnb Remix,Lil Uzi Vert,1
5TGkqW4UfYV1jQVLrhz4Yc,0.201,0.864,0.453,0,2,0.461,-6.267,1,0.226,113.084,4,0.222,I'm Geekin (feat. NLE Choppa & BIA) - Remix,DDG,1
2f9JzwRy6Ofr5ixvN0ojKt,0.00594,0.835,0.552,1.24e-05,11,0.139,-8.039,1,0.191,105.007,4,0.18,GEEKALEEK (feat. Cash Kidd),OHGEESY,1
1IzJxbARcQrOWMZgPw1PNj,0.0178,0.849,0.581,0,6,0.092,-5.464,0,0.261,142.015,4,0.274,Go Hard,Lil Baby,1
0vjeOZ3Ft5jvAi9SBFJm1j,0.152,0.526,0.606,2.36e-06,5,0.194,-5.3,0,0.259,116.622,4,0.492,Superhero (Heroes & Villains) [with Future & Chris Brown],Metro Boomin,1
293QwzG48nRXlqk5lGDUbw,0.0175,0.786,0.698,0,1,0.194,-4.697,1,0.0976,154.954,4,0.168,Keep It Low (feat. Future),Moneybagg Yo,1
5BmB3OaQyYXCqRyN8iR2Yi,0.117,0.938,0.606,0,6,0.528,-6.396,0,0.419,121.108,4,0.706,SLUT ME OUT,NLE Choppa,1
2VjOTvl50tscmc0RDjPdr2,0.339,0.92,0.682,2.08e-06,1,0.112,-4.82,1,0.368,140.071,4,0.697,UK Rap,Dave,1
1UFCw2ZU50ZXdjHUtKg9mp,0.206,0.501,0.655,0,1,0.1,-9.482,1,0.596,79.797,4,0.605,Florida Water (feat. Luh Tyler),Danny Towers,1
2beD5W9IkefQ04IO39XF7w,0.0042,0.784,0.616,0.00592,0,0.256,-7.159,1,0.0927,137.019,4,0.291,My wrist (with Young Thug),Yeat,1
3iRCr53b2ZOvoKMTNvBn5d,0.000212,0.801,0.706,0,1,0.15,-6.079,1,0.255,138.008,4,0.331,MVP (feat. G-Eazy),A Boogie Wit da Hoodie,1
31yydnZnSeCwkRPY7tlgQJ,0.00594,0.595,0.829,0.000101,2,0.153,-3.95,1,0.226,113.319,5,0.501,Hot Boy (feat. Lil Baby),Nardo Wick,1
451acSEXA7pfbMKXoC6vJX,0.269,0.799,0.459,4.46e-06,10,0.113,-8.715,0,0.202,142.962,4,0.349,FreakyT (feat. Latto) - Remix,TiaCorine,1
0yUaLqhsVsguBpoOPL4cO7,0.696,0.768,0.74,6.81e-06,0,0.23,-6.595,1,0.336,141.059,4,0.532,In Ha Mood,Ice Spice,1
6UN73IYd0hZxLi8wFPMQij,0.03,0.954,0.516,7.54e-06,6,0.0504,-5.817,1,0.16,105.001,4,0.624,Players,Coi Leray,1
2i2qDe3dnTl6maUE31FO7c,0.0212,0.898,0.64,0,5,0.0919,-8.796,0,0.255,149.988,4,0.68,Mad Max,Lil Durk,1
0WNfQxDGaPTl0yogcMR5v1,0.0736,0.795,0.814,0,0,0.117,-3.945,1,0.4,160.039,4,0.68,Tomorrow 2 (with Cardi B),GloRilla,1
1KaRuTOGchQyTnrY3vWzfR,0.194,0.749,0.548,0,5,0.16,-6.223,0,0.352,153.855,4,0.581,Aston Martin Truck,Roddy Ricch,1
6Md6lyVVoKWcOaSg8u1tDn,0.00189,0.798,0.471,0,8,0.154,-8.824,1,0.125,135.102,4,0.11,Shoot It Myself (feat. Future),EST Gee,1
3wspfG772mi1c25JpnNOVP,0.037,0.817,0.512,0,8,0.216,-6.943,1,0.0984,130.04,4,0.17,Walk,Kodak Black,1
2TSfStvlAMLw89u3tali79,0.149,0.66,0.373,0,11,0.106,-10.234,1,0.595,167.912,4,0.35,Dah Dah DahDah,Nardo Wick,1
0HrWshW3SuFJ6nKS9ba9Mh,0.0298,0.83,0.644,0,10,0.11,-5.431,0,0.407,155.103,4,0.227,Vette Motors,YoungBoy Never Broke Again,1
5aIVCx5tnk0ntmdiinnYvw,0.0856,0.673,0.722,0,3,0.137,-3.495,0,0.0755,117.187,4,0.519,Water,Tyla,2
3rUGC1vUpkDG9CZFHMur1t,0.256,0.75,0.733,0,6,0.114,-3.18,0,0.0319,111.018,1,0.844,greedy,Tate McRae,2
5mjYQaktjmjcMKcUIcqz4s,0.701,0.628,0.523,0.00274,11,0.219,-8.307,0,0.0946,169.982,4,0.416,Strangers,Kenya Grace,2
1JgknGBbrfmEHeOZH051SS,0.0173,0.551,0.677,0,2,0.381,-7.311,1,0.0665,106.414,4,0.195,ecstacy (slowed),SUICIDAL-IDOL,2
4wQmwPWCUn6gi11Gep2qsP,0.00822,0.969,0.707,0,1,0.314,-5.509,1,0.258,124.991,4,0.421,IT GIRL,Aliyah's Interlude,2
2IGMVunIBsBLtEQyoI1Mu7,0.269,0.868,0.538,3.34e-06,5,0.0901,-8.603,1,0.174,99.968,4,0.732,Paint The Town Red,Doja Cat,2
0cVyQfDyRnMJ0V3rjjdlU3,0.152,0.85,0.699,0,0,0.32,-3.292,1,0.0776,114.481,4,0.915,Lil Boo Thang,Paul Russell,2
3xKsf9qdS1CyvXSMEid6g8,0.667,0.545,0.545,5.48e-05,9,0.417,-7.362,1,0.107,159.94,3,0.549,Pink + White,Frank Ocean,2
4PMdq7Q7xOFrY424ZelZEb,0.188,0.423,0.857,2.63e-05,2,0.105,-5.173,1,0.0687,75.024,4,0.196,Radio,Lana Del Rey,2
2i2gDpKKWjvnRTOZRhaPh2,0.511,0.639,0.723,0,7,0.167,-6.462,0,0.0532,136.872,4,0.878,Moonlight,Kali Uchis,2
73RbfOTJIjHzi2pcVHjeHM,0.061,0.74,0.758,1.44e-06,1,0.0967,-5.851,0,0.0921,171.925,4,0.757,What It Is (Solo Version),Doechii,2
7dJYggqjKo71KI9sLzqCs8,0.228,0.75,0.674,8.91e-05,8,0.122,-6.128,0,0.097,123.026,4,0.392,Agora Hills,Doja Cat,2
3vkCueOmm7xQDoJ17W1Pm3,0.868,0.504,0.308,0.135,9,0.158,-14.958,1,0.0321,113.95,4,0.121,My Love Mine All Mine,Mitski,2
7EiZI6JVHllARrX9PUvAdX,0.337,0.722,0.331,0.282,8,0.146,-7.789,1,0.0726,143.961,4,0.102,Low Life (feat. The Weeknd),Future,2
4rXLjWdF2ZZpXCVTfWcshS,0.119,0.847,0.622,0,1,0.285,-6.747,0,0.0903,130.001,4,0.22,fukumean,Gunna,2
4MjDJD8cW7iVeWInc2Bdyj,0.15,0.787,0.621,0.000402,4,0.58,-5.009,0,0.068,139.056,4,0.13,MONACO,Bad Bunny,2
59NraMJsLaMCVtwXTSia8i,0.001,0.638,0.717,1.79e-06,8,0.113,-5.804,1,0.0375,141.904,4,0.422,Prada,cassö,2
2psRActEWsTlYYd7EDoyVR,0.698,0.593,0.354,3.55e-05,4,0.293,-8.27,1,0.0279,120.01,3,0.241,Those Eyes,New West,2
424DkevE18QJazwlljiTD4,0.146,0.763,0.468,0.869,11,0.108,-13.288,0,0.129,97.599,3,0.512,Le Monde - From Talk to Me,Richard Carter,2
5LrN7yUQAzvthd4QujgPFr,0.544,0.571,0.458,9.27e-05,4,0.123,-9.283,1,0.0258,132.025,4,0.299,Here With Me,d4vd,2
0JXXNGljqupsJaZsgSbMZV,0.0267,0.684,0.607,0.000307,11,0.191,-8.127,0,0.1,81.001,4,0.498,Sure Thing,Miguel,2
2HbKqm4o0w5wEeEFXm2sD4,0.0703,0.716,0.531,0,7,0.224,-7.355,1,0.122,71.994,4,0.344,Money Trees,Kendrick Lamar,2
22I3h5AOENlH4CqXJsEbFR,0.095,0.418,0.31,0,11,0.216,-9.869,0,0.0625,139.614,4,0.131,Collide (feat. Tyga),Justine Skye,2
4TNFLwe6DhtR3Wn1JKMqMJ,0.423,0.825,0.663,0.415,2,0.286,-9.414,1,0.0687,116.051,4,0.417,Makeba,Jain,2
3XKIUb7HzIF1Vu9usunMzc,0.0406,0.777,0.601,0.00201,2,0.0348,-5.931,1,0.126,97.911,4,0.68,Maria Maria (feat. The Product G&B),Santana,2
5odlY52u43F5BjByhxg7wg,0.653,0.515,0.593,0.162,4,0.25,-4.801,1,0.0322,94.467,3,0.153,golden hour,JVKE,2
2YSzYUF3jWqb9YP9VXmpjE,0.0464,0.663,0.67,8.92e-05,8,0.205,-8.399,1,0.271,136.952,4,0.138,IDGAF (feat. Yeat),Drake,2
2FDTHlrBguDzQkp7PVj16Q,0.186,0.916,0.583,0,1,0.0798,-8.067,1,0.241,141.095,4,0.661,Sprinter,Dave,2
1odExI7RdWc4BT515LTAwj,0.83,0.508,0.43,0.000441,2,0.093,-9.475,0,0.0335,130.09,4,0.324,Daylight,David Kushner,2
5XeFesFbtLpXzIVDNQP22n,0.136,0.464,0.417,0.022,0,0.0974,-9.345,0,0.0256,67.528,4,0.479,I Wanna Be Yours,Arctic Monkeys,2
7KA4W4McWYRpgf0fWsJZWB,0.371,0.558,0.559,7.49e-06,6,0.109,-9.222,1,0.0959,78.558,4,0.62,See You Again (feat. Kali Uchis),"Tyler, The Creator",2
7DbdUf8aHSYoliSjO6LZv6,0.013,0.572,0.839,0.00976,4,0.522,-5.083,0,0.0377,143.969,4,0.465,"Sex, Drugs, Etc.",Beach Weather,2
3IX0yuEVvDbnqUwMBB3ouC,0.00193,0.627,0.879,6.87e-06,9,0.0647,-3.446,1,0.0955,129.979,4,0.748,bad idea right?,Olivia Rodrigo,2
2HafqoJbgXdtjwCOvNEF14,0.827,0.537,0.421,0,5,0.138,-8.72,1,0.0285,98.224,4,0.524,Si No Estás,iñigo quintero,2
741UUVE2kuITl0c6zuqqbO,0.519,0.77,0.58,0.000127,0,0.233,-8.393,1,0.247,144.072,4,0.753,Barbie World (with Aqua) [From Barbie The Album],Nicki Minaj,2
7sliFe6W30tPBPh6dvZsIH,0.0187,0.823,0.388,0,1,0.0876,-10.867,1,0.491,154.569,4,0.507,Area Codes,Kaliii,2
6njJR3OIp3oA0Kc4aC9Tzf,0.734,0.877,0.803,0.056,9,0.087,-3.195,1,0.0507,130.028,4,0.795,MONTAGEM - PR FUNK,S3BZS,2
2aI21FnmY7TJVKeMaoQZ0t,0.0476,0.872,0.872,0.00112,1,0.0543,-6.328,1,0.139,116.948,4,0.809,Say It Right,Nelly Furtado,2
6UN73IYd0hZxLi8wFPMQij,0.03,0.954,0.516,7.54e-06,6,0.0504,-5.817,1,0.16,105.001,4,0.624,Players,Coi Leray,2
4ZnkygoWLzcGbQYCm3lkae,0.00288,0.743,0.837,2.86e-05,5,0.104,-7.634,0,0.0633,126.023,4,0.378,Rush,Troye Sivan,2
1cKHdTo9u0ZymJdPGSh6nq,0.142,0.323,0.737,0.000162,10,0.163,-4.008,1,0.0338,113.26,4,0.155,I Was Never There,The Weeknd,2
4bw8mcDUSRWfQo63ZTYRnU,0.434,0.909,0.762,0,9,0.0856,-3.974,1,0.0643,101.987,3,0.843,Según Quién,Maluma,2
1Ukxccao1BlWrPhYkcXbwZ,0.877,0.664,0.405,0.000765,1,0.11,-7.413,1,0.08,81.89,3,0.743,From The Start,Laufey,2
1Hv1VTm8zeOeybub15mA2R,0.238,0.734,0.58,0.0006,9,0.0298,-6.619,0,0.0321,119.336,4,0.962,Smooth Operator - Single Version,Sade,2
1Y3LN4zO1Edc2EluIoSPJN,0.777,0.551,0.55,0,10,0.202,-5.339,1,0.0286,101.19,3,0.342,Until I Found You (with Em Beihold) - Em Beihold Version,Stephen Sanchez,2
4RvWPyQ5RL0ao9LPZeSouE,0.347,0.645,0.795,0.00389,7,0.104,-12.095,1,0.0527,112.067,4,0.535,Everybody Wants To Rule The World,Tears For Fears,2
5mHdCZtVyb4DcJw8799hZp,0.138,0.538,0.742,4.67e-05,2,0.0934,-5.355,1,0.114,96.107,4,0.25,Escapism.,RAYE,2
739WUU1tPFLO4x4HJq561K,0.435,0.783,0.592,4.15e-06,11,0.347,-8.332,0,0.0331,120.018,4,0.726,Cupid - Twin Ver.,FIFTY FIFTY,2
1daDRI9ahBonbWD8YcxOIB,0.0981,0.672,0.642,0,5,0.1,-4.035,1,0.0313,121.981,4,0.494,Angels Like You,Miley Cyrus,2
3hxIUxnT27p5WcmjGUXNwx,0.325,0.485,0.409,0,9,0.103,-10.711,0,0.101,138.419,4,0.376,Shut up My Moms Calling,Hotel Ugly,2
23RoR84KodL5HWvUTneQ1w,0.12,0.671,0.876,0.188,7,0.0823,-5.681,0,0.0352,129.998,4,0.964,(It Goes Like) Nanana - Edit,Peggy Gou,2
6dBUzqjtbnIa1TwYbyw5CM,7.53e-06,0.559,0.871,0.00545,5,0.096,-5.338,0,0.0397,104.97,4,0.572,Lovers Rock,TV Girl,2
1kuGVB7EU95pJObxwvfwKS,0.177,0.511,0.532,0,5,0.291,-5.745,1,0.0578,138.005,4,0.35,vampire,Olivia Rodrigo,2
0QZ5yyl6B6utIWkxeBDxQN,0.969,0.545,0.366,0.267,2,0.641,-9.51,1,0.0378,86.997,3,0.1,The Night We Met,Lord Huron,2
6maTPqynTmrkWIralgGaoP,0.621,0.898,0.732,1.29e-05,7,0.0908,-3.982,1,0.0427,115.955,4,0.96,If We Ever Broke Up,Mae Stephens,2
4lMyi03aRk8nPBLLGyqAVz,0.015,0.908,0.757,0,11,0.0673,-3.889,0,0.0606,106.031,4,0.577,IT'S GETTING HOT,NLE Choppa,2
4h9wh7iOZ0GGn8QVp4RAOB,0.0826,0.704,0.797,0.000745,0,0.0546,-5.927,1,0.0475,139.994,4,0.825,I Ain't Worried,OneRepublic,2
37vVp2sWHuuIBOSl1NswP6,0.204,0.398,0.705,5.13e-05,5,0.443,-7.07,0,0.0756,111.487,4,0.635,i'm yours,Isabel LaRosa,2
3OHfY25tqY28d16oZczHc8,0.0543,0.644,0.728,0.169,8,0.161,-5.75,1,0.0351,88.993,4,0.43,Kill Bill,SZA,2
6AQbmUe0Qwf5PZnt4HmTXv,0.252,0.696,0.809,0.000128,5,0.248,-8.254,1,0.05,132.962,4,0.857,Boy's a liar Pt. 2,PinkPantheress,2
5IgjP7X4th6nMNDh4akUHb,0.0635,0.733,0.69,1.18e-06,9,0.105,-5.529,0,0.0427,116.992,4,0.31,Under The Influence,Chris Brown,2
43MifzVnh8W3jJN0xqU9jR,0.106,0.633,0.643,0.00831,0,0.78,-8.122,1,0.0252,103.842,4,0.472,Wasted Summers,juju<3,2
3NRql0A1Ef4RCvT473iqgD,0.312,0.584,0.684,9.05e-05,10,0.112,-4.314,0,0.567,210.164,4,0.72,Hell N Back,Bakar,2
6qyS9qBy0mEk3qYaH8mPss,0.00547,0.712,0.972,7.06e-05,10,0.128,-0.514,1,0.112,119.966,4,0.568,Murder In My Mind,Kordhell,2
561jH07mF1jHuk7KlaeF0s,0.209,0.637,0.678,0,0,0.156,-3.798,1,0.266,84.039,4,0.254,Mockingbird,Eminem,2
48CKzGWOC65n8a8kdANJV8,0.102,0.554,0.854,9.26e-05,6,0.554,-6.263,0,0.0567,82.012,4,0.387,Only Love Can Hurt Like This - Slowed Down Version,Paloma Faith,2
2QjOHCTQ1Jl3zawyYOpxh6,0.0495,0.612,0.807,0.0177,10,0.101,-2.81,1,0.0336,124.053,4,0.398,Sweater Weather,The Neighbourhood,2
1xK59OXxi2TAAAbmZK0kBL,0.453,0.571,0.544,0.00805,6,0.322,-10.613,1,0.0299,132.052,4,0.216,Romantic Homicide,d4vd,2
27ZZdyTSQWI7Cug2d2PkqV,0.115,0.9,0.509,1.67e-06,1,0.0937,-6.647,1,0.257,100.007,4,0.765,BILLIE EILISH.,Armani White,2
26b3oVLrRUaaybJulow9kz,0.551,0.573,0.422,1.31e-05,10,0.102,-7.621,0,0.0678,124.357,5,0.693,People,Libianca,2
1Fid2jjqsHViMX6xNH70hE,0.0529,0.4,0.479,2.14e-06,8,0.115,-7.989,0,0.0308,166.159,4,0.213,Atlantis,Seafret,2
1yvMUkIOTeUNtNWlWRgANS,0.112,0.468,0.779,0.000373,9,0.101,-4.839,1,0.0779,173.799,4,0.26,Unstoppable,Sia,2
4C6Uex2ILwJi9sZXRdmqXp,0.0645,0.95,0.891,1.77e-05,2,0.309,-2.653,1,0.241,133.01,4,0.912,Super Freaky Girl,Nicki Minaj,2
0VgkVdmE4gld66l8iyGjgx,0.0102,0.833,0.434,0.0219,2,0.165,-8.795,1,0.431,150.062,4,0.281,Mask Off,Future,2
76OGwb5RA9h4FxQPT33ekc,0.107,0.565,0.636,9.9e-06,0,0.447,-8.198,1,0.0638,170.01,4,0.525,SNAP,Rosa Linn,2
4iZ4pt7kvcaH6Yo8UoZ4s2,0.141,0.559,0.551,0,5,0.11,-7.231,1,0.132,143.008,4,0.392,Snooze,SZA,2
0tLXkjxahQsnZkKP2GXXf6,0.398,0.586,0.431,0,1,0.292,-5.187,1,0.0465,84.412,3,0.405,tu fan,mafalda cardenal,2
3JvKfv6T31zO0ini8iNItO,0.695,0.445,0.537,1.65e-05,4,0.0944,-8.532,0,0.04,122.769,4,0.131,Another Love,Tom Odell,2
5hXCTV8OCsNak8OVry7yzM,0.416,0.589,0.783,1.95e-06,7,0.0955,-6.936,0,0.0564,90.042,4,0.576,Bugambilia,Nasa Histoires,2
5LNf5l8xXqus1s9A43ReEZ,0.789,0.706,0.369,1.09e-05,10,0.211,-5.021,1,0.031,67.112,4,0.288,Otra Vez,ProdMarvin,2
2Lhdl74nwwVGOE2Gv35QuK,0.237,0.72,0.744,0,1,0.255,-6.938,0,0.12,78.953,4,0.619,Cupid's Chokehold / Breakfast in America,Gym Class Heroes,2
5dPy1CCYQ04xaQHpajf5CY,0.0117,0.715,0.741,0.899,8,0.189,-7.478,1,0.0356,112.0,4,0.761,The Lost Soul Down,NBSPLV,2
2Dp5Rqruog8SR6x7UtlIpY,0.00311,0.739,0.913,2.61e-05,0,0.0839,-2.749,1,0.0413,154.982,4,0.307,9mm,Memphis Cult,2
3lev2QW3nUHNuxrVstVEGj,0.158,0.731,0.751,0.000353,8,0.113,-6.642,1,0.216,195.993,4,0.927,Chupón,El Gudi,2
2ItNKt19iqefEe590Z9GeE,0.00149,0.491,0.771,0.000262,9,0.232,-5.037,1,0.041,103.005,4,0.242,Five Nights at Freddy's,The Living Tombstone,2
3XrPM65ihtm4ZkZNGt30Ff,0.808,0.778,0.38,0.000164,1,0.0541,-12.696,1,0.0555,105.091,4,0.53,Contigo,Los Panchos,2
609ItcFreOqmwRjmBbocds,0.681,0.418,0.436,0.00114,2,0.106,-9.345,1,0.0414,98.031,4,0.0866,Te Lo Prometo,Humbe,2
1ckhUtD8nBH2ShPlU8w2nU,0.00624,0.602,0.676,0.826,2,0.0635,-11.385,1,0.0527,160.021,4,0.716,ALL MY FELLAS,Frizk,2
3HMuJG1y7pyjg7Rrk17Rsb,0.978,0.602,0.189,0.0152,9,0.102,-10.708,1,0.0343,101.241,4,0.247,Algo contigo,Rita Payés,2
2m3Fqmw1mfs39KklPmjq79,0.0379,0.794,0.635,0,6,0.344,-6.323,0,0.242,80.038,4,0.752,Por Mi México (Remix),Lefty Sm,2
45PmtkNbgCun4GPphHVzvi,0.182,0.562,0.765,0,7,0.393,-7.946,1,0.089,136.583,4,0.87,Que Monstruos Son (feat. Keith Streng & Mary Huff),Los Straitjackets,2
3PIECzRdxCWyAz6Poe4Rcp,0.916,0.591,0.648,0.414,8,0.0885,-7.77,1,0.209,139.974,4,0.712,mwah :3,rusowsky,2
2jMrMVUprU2f03AZYRpWfB,0.662,0.487,0.477,0.0146,10,0.0854,-9.337,1,0.073,117.965,4,0.199,bien hecho,Humbe,2
3dvVgBNJtYZH58rTpIQLEI,0.117,0.734,0.606,0.00235,5,0.139,-6.957,0,0.0328,138.001,4,0.461,Ride Or Die,Sevdaliza,2
5Eh1nj7IjV9lwpcKAkidyY,0.0878,0.629,0.654,0.00655,11,0.22,-7.852,0,0.0584,93.034,4,0.799,One Of Your Girls,Troye Sivan,2
7yIIeKUxTpn36X6CFJhgEi,0.0398,0.795,0.678,0.35,11,0.072,-7.905,0,0.0586,101.032,4,0.788,Reggaeton Champagne,Bellakath,2
24lqVtYdnA1NhYd37XFOPb,0.0543,0.858,0.448,7.62e-05,7,0.0994,-6.681,0,0.0422,110.014,4,0.0962,No digas nada,LATIN MAFIA,2
3qXZqXGniqNt3PK2CBSZgM,0.564,0.469,0.639,0,10,0.11,-5.381,0,0.32,172.37,3,0.534,Si La Calle Llama - Remix,Eladio Carrion,2
0xahPNJVFHGMEFxu9kergk,0.901,0.591,0.333,0.000878,8,0.129,-10.828,1,0.0434,139.833,3,0.504,September,Sparky Deathcap,2
6QX6tanKOhwMpPtu1p0zAL,0.33,0.789,0.807,0.113,5,0.132,-3.124,0,0.0867,105.041,4,0.663,La Triple M,Mawell,2
4kRLRWnn5u9wO2wOKAAdEN,0.2,0.726,0.873,1.71e-06,9,0.0953,-3.122,1,0.0266,135.052,4,0.725,Automotivo Bibi Fogosa,Bibi Babydoll,2
1DxEbt6OSbrkRthk6pjZue,0.431,0.838,0.79,3.33e-06,6,0.184,-1.602,0,0.108,92.927,4,0.962,MERCHO,LiL CaKe,2
20FJlhMZhxGlsLCUVL1jYC,0.0444,0.708,0.794,0,6,0.143,-5.565,1,0.0272,121.995,4,0.626,Flores Amarillas,Floricienta,2
3WoxwWoay78KXzGRlAm7J7,0.0268,0.802,0.801,0.000165,1,0.544,-4.049,1,0.0606,93.035,4,0.712,QUÉ ROLLITO PRIMAVERA,Dani Flow,2
6odrHMSLjP3aOXC4ipKUC6,0.609,0.775,0.465,3.23e-05,7,0.114,-8.365,0,0.365,169.781,4,0.707,La Bebe,Yng Lvcas,2
1AZbs0L3SkXe625DKp37KQ,0.283,0.802,0.526,0.000126,5,0.0972,-3.262,0,0.199,82.944,4,0.302,Julietota,LATIN MAFIA,2
4PzxlHzDM3bDafkHjg1XCX,0.077,0.673,0.82,0.000615,0,0.297,-3.473,1,0.222,111.955,4,0.524,Muñekita (with El Alfa & JT),Kali Uchis,2
6usohdchdzW9oML7VC4Uhk,0.199,0.561,0.604,1.9e-05,9,0.104,-4.409,1,0.0337,159.92,3,0.242,Lose Control,Teddy Swims,2
1A3tuE6ti9qoZDwB3LB0t2,0.0401,0.622,0.455,0,9,0.0957,-7.116,1,0.0282,124.412,4,0.274,I Think I Like When It Rains,WILLIS,2
5ydjxBSUIDn26MFzU3asP4,0.739,0.633,0.454,0,9,0.148,-8.016,0,0.0875,74.828,4,0.282,Rainy Days,V,2
0JmnkIqdlnUzPaf8sqBRs3,0.518,0.642,0.706,0,7,0.25,-6.872,0,0.052,136.851,4,0.896,Moonlight,Kali Uchis,2
5nBHB9JZjBS087RSDgIEon,0.209,0.907,0.551,0,6,0.107,-5.257,0,0.237,152.031,4,0.644,Big Booty,Hozwal,2
3scW7pt0vlhkCCgCNv5YR9,0.775,0.886,0.748,0.0635,5,0.0656,-9.584,1,0.0399,152.07,4,0.969,La Noche Mas Linda,Adalberto Santiago,2
7EAMXbLcL0qXmciM5SwMh2,0.667,0.901,0.136,0.354,8,0.109,-16.127,0,0.102,150.076,4,0.643,Heart To Heart,Mac DeMarco,2
35FW5OEe4p38LdjK1KqT2X,0.292,0.882,0.934,0.0024,8,0.0549,-1.479,0,0.0501,130.032,4,0.611,Tá OK (Remix),DENNIS,2
3hfvzrj13TtfKq8P3WG2Q1,0.0374,0.521,0.605,0.785,7,0.31,-13.64,1,0.0467,141.298,4,0.409,CRYSTALS (Slowed),PR1SVX,2
6wf7Yu7cxBSPrRlWeSeK0Q,0.959,0.444,0.0911,1.05e-06,0,0.098,-17.665,1,0.0307,78.403,4,0.142,"What Was I Made For? [From The Motion Picture ""Barbie""]",Billie Eilish,2
7ABLbnD53cQK00mhcaOUVG,0.0739,0.708,0.737,0.00162,1,0.0955,-4.045,1,0.0436,91.986,4,0.607,LALA,Myke Towers,2
3CU1qWV0h0PvWXQg71YUoo,0.0794,0.845,0.712,0.077,5,0.0886,-7.777,0,0.0645,123.987,4,0.437,HOUSE OF LUX,DannyLux,2
6uIIdjYTxxpWOyWuVXrKQO,0.183,0.808,0.944,1.11e-06,10,0.138,-4.863,0,0.0408,124.934,3,0.937,Que Onda,Calle 24,2
77IPE0PA44eThYC41I3Dzh,0.116,0.751,0.818,1.12e-06,2,0.095,-4.162,1,0.115,196.165,4,0.831,Tirando Flow Sesh #11 (feat. El Bogueto & Ritorukai),Dan García,2
2TJKY0WSFufZOzbRNgl6zE,0.132,0.793,0.476,0,5,0.115,-10.515,0,0.0406,129.992,4,0.578,ELOVRGA,Alex Favela,2
4D1k6x4MXTaSnljSvAXhaf,0.00105,0.735,0.778,0.025,11,0.0923,-3.23,1,0.0487,126.091,4,0.278,GMFU (w/ 6arelyhuman),Odetari,2
0EqczV3o6fwksegAavIHpX,0.832,0.613,0.81,0.899,1,0.137,-6.16,1,0.488,150.251,4,0.686,LOVELY BASTARDS,ZWE1HVNDXR,2
0O3U5iwTbiXCREMkvotJuN,0.06,0.616,0.834,0,9,0.338,-3.069,1,0.0664,151.701,4,0.746,EL AMOR DE SU VIDA,Grupo Frontera,2
31mzt4ZV8C0f52pIz1NSwd,0.312,0.653,0.474,6.65e-06,5,0.119,-10.899,0,0.103,85.024,4,0.361,Shut up My Moms Calling - (Sped Up),Hotel Ugly,2
7mLWNwcvwRdEviz6SfYp8A,0.00166,0.588,0.496,0.936,9,0.186,-5.947,1,0.0417,128.001,4,0.582,GigaChad Theme - Phonk House Version,g3ox_em,2
1vYXt7VSjH9JIM5oRRo7vA,0.0207,0.671,0.845,0,11,0.329,-4.93,0,0.048,110.056,4,0.775,Dance The Night - From Barbie The Album,Dua Lipa,2
199wv1uOJYZ1XyK8FTzwh2,0.601,0.707,0.835,0.791,8,0.0933,-8.759,0,0.0418,120.009,4,0.0958,Ascend,Dezko,2
0HqZX76SFLDz2aW8aiqi7G,0.0206,0.773,0.742,0,5,0.0754,-3.678,0,0.046,114.071,4,0.571,Bones,Imagine Dragons,2
3gmn76fCtpDazGMnN0QMHX,0.0879,0.924,0.563,0,7,0.103,-7.899,0,0.0802,117.06,4,0.872,NIGHT DANCER,imase,2
7bFVbauSFafZ9FFNcwMuKo,0.00224,0.819,0.841,0.0494,11,0.132,-7.563,1,0.061,128.012,4,0.171,Las Montijas,young god,2
4k6Uh1HXdhtusDW5y8Gbvy,0.613,0.686,0.494,5.8e-05,1,0.402,-7.093,1,0.0355,168.946,4,0.7,Bad Habit,Steve Lacy,2
3VvcKToPY3diGRjERt8NvD,0.00335,0.743,0.684,0.945,7,0.0989,-10.807,0,0.033,127.996,4,0.867,Sea Of Problems,glichery,2
6hgoYQDUcPyCz7LcTUHKxa,0.376,0.811,0.781,0.001,11,0.121,-6.333,1,0.0428,107.007,4,0.824,Calm Down,Rema,2
7MVIfkyzuUmQ716j8U7yGR,0.176,0.838,0.708,0,5,0.343,-4.668,0,0.166,119.984,4,0.96,Rara Vez,Taiu,2
3dnP0JxCgygwQH9Gm7q7nb,0.483,0.668,0.758,1.89e-05,5,0.0837,-5.176,0,0.0332,147.989,3,0.834,Ella Baila Sola,Eslabon Armado,2
0y60itmpH0aPKsFiGxmtnh,0.0371,0.764,0.705,1.94e-05,3,0.0943,-5.279,0,0.0278,101.003,4,0.672,Wait a Minute!,WILLOW,2
2hn2zOA2XFlv6DSmesylrL,0.0509,0.791,0.892,0.000355,0,0.0609,-2.58,1,0.0521,97.008,4,0.916,QUEMA,Ryan Castro,2
5MNfAmHvsqOliIxtwiFzsz,0.0144,0.768,0.858,0.861,8,0.0829,-4.629,1,0.0767,143.56,4,0.522,WARNING - Sped Up,MC ORSEN,2
5985LToyqbVWWNczsD9g5N,0.226,0.7,0.748,0.796,9,0.104,-8.16,0,0.0771,130.056,4,0.154,Clouds,BUNT.,2
7DSAEUvxU8FajXtRloy8M0,0.0584,0.706,0.691,6.99e-05,0,0.0232,-4.775,1,0.0633,118.048,4,0.632,Flowers,Miley Cyrus,2
2LsbizbOeNa4x6qsi2jAMb,0.52,0.871,0.481,5.54e-05,7,0.0809,-9.068,1,0.0383,103.063,4,0.664,La flaca,Jarabe De Palo,2
6Xj014IHwbLVjiVT6H89on,0.0474,0.812,0.791,9.08e-05,8,0.305,-3.704,0,0.0279,109.969,3,0.635,Malas Decisiones,Kenia OS,2
4SnuG111QPmgwRmlwhJ4Mg,0.586,0.762,0.942,0.764,9,0.115,-6.432,0,0.038,120.0,4,0.038,Hold Me,Lavern,2
1BxfuPKGuaTgP7aM0Bbdwr,0.117,0.552,0.702,2.06e-05,9,0.105,-5.707,1,0.157,169.994,4,0.564,Cruel Summer,Taylor Swift,2
6pD0ufEQq0xdHSsRbg9LBK,0.228,0.569,0.724,0,6,0.27,-4.076,0,0.0474,83.118,4,0.562,un x100to,Grupo Frontera,2
38UYeBLfvpnDSG9GznZdnL,0.458,0.637,0.768,0.00192,0,0.378,-6.468,1,0.056,94.982,4,0.297,Tormenta (feat. Bad Bunny),Gorillaz,2
4FAKtPVycI4DxoOHC01YqD,0.0492,0.783,0.729,0.000272,6,0.1,-3.549,0,0.0691,167.968,4,0.58,Yandel 150,Yandel,2
5bfep56ypsHGIR4i5KPKJN,0.233,0.87,0.664,0.000705,1,0.141,-8.716,1,0.0744,98.013,4,0.84,Tamagotchi,GUNTTER,2
1Qrg8KqiBpW07V7PNxwwwL,0.0521,0.644,0.735,0.144,8,0.161,-5.747,1,0.0391,88.98,4,0.418,Kill Bill,SZA,2
0T2zPVlS2Oyy0BXlmvYKTe,0.66,0.411,0.547,0,11,0.078,-4.815,1,0.0706,128.44,5,0.552,this is what falling in love feels like - Leon Leiden Remix,JVKE,2
6UR1k5NGqgNGzgVmMtT768,0.121,0.73,0.751,0,11,0.0849,-5.51,1,0.0511,98.001,4,0.68,Cabaña,El Jordan 23,2
2oMjKuKUEJFuLiVmTq7Vjx,0.666,0.839,0.65,0,4,0.126,-3.38,0,0.212,90.015,4,0.7,TQG,KAROL G,2
38R5sydMbsBzSPGPMfmtpb,0.00152,0.707,0.444,0,1,0.125,-11.232,1,0.258,164.117,4,0.322,MR. TAKE YA B*TCH (FEAT. CHRISEANROCK),Lil Mabu,2
7nn4MXs89QymmNzRreTywe,0.274,0.92,0.759,7.38e-06,2,0.259,-3.349,1,0.108,137.961,4,0.598,Ick,Lay Bankz,2
4RIdKsqdglJ5JqTG8kTvw7,0.0377,0.906,0.733,0,11,0.0765,-5.509,0,0.284,121.997,4,0.597,Darkest Before Dawn,BashfortheWorld,2
2EYdheS1WcwbBv8bRmbvvW,0.0906,0.814,0.683,0,9,0.268,-7.042,1,0.179,101.92,4,0.402,"Soak City (feat. Mustard, OhGeesy & BlueBucksClan)",310babii,2
187zHzb6JDM4YDSFNGkQ9u,0.0354,0.456,0.571,0,1,0.148,-4.431,1,0.185,159.929,4,0.121,LANCEY OR LANCEY,Lancey Foux,2
7d4NMY87lt1tQZeM8ljq8o,0.0837,0.693,0.403,0.0225,1,0.12,-11.305,1,0.0281,108.971,4,0.339,sins (let me in) - Remix,Kanii,2
3mNw70F0wDJXItFYEoQ56L,0.00281,0.808,0.673,0.011,11,0.125,-6.275,1,0.153,136.011,4,0.424,Gunz in SOHO,Homixide Gang,2
2aA3Xz6XKAo96jp03h4Zak,0.0383,0.574,0.635,0,0,0.147,-6.292,1,0.37,180.181,4,0.35,Ice Cream (feat. YN Jay & Riff Raff),BabyTron,2
6SyxWg5jvCZe5brD3dNL1q,0.0215,0.739,0.789,0,1,0.397,-5.772,1,0.233,157.044,4,0.597,LUKAKU,Cochise,2
0jRiVMnGBnuyXQsIVwbDSK,0.406,0.718,0.686,9.32e-06,1,0.126,-7.618,1,0.255,95.027,4,0.462,Slow It Down,John Mackk,2
4hNdFY5XiWlcdVY8zBoE8b,0.862,0.593,0.462,0.000419,8,0.133,-9.048,0,0.0372,139.976,4,0.186,Clocking U,Cash Cobain,2
4NgMDPV2mIh6MUkqkyNmP3,0.00521,0.853,0.476,7.01e-05,10,0.316,-5.714,0,0.346,139.867,4,0.188,What It Is?!,Pi’erre Bourne,2
0wnZP5KJSJ8xmTJmmjOqwr,0.0026,0.92,0.662,0.00131,0,0.0856,-7.659,1,0.244,120.012,4,0.767,Barbie,JaidynAlexis,2
6URtrmPQlWDbCy3Ke1VSNz,0.146,0.883,0.717,0,1,0.108,-5.853,1,0.11,126.993,4,0.586,Emily,yvngxchris,2
1DypGkTryeH4cPFBVucxo4,0.00415,0.698,0.692,0,10,0.177,-5.699,1,0.267,146.999,4,0.23,"Like This (feat. Lil Uzi Vert, Destroy Lonely)",Ken Carson,2
5LF0f602GWSAxZfmwRvUUI,0.0674,0.675,0.645,0,1,0.148,-8.627,1,0.257,93.702,4,0.7,DROP TOP,Anycia,2
725UfuWEXWg0C7PCqP8HIz,0.0925,0.792,0.675,0.000118,11,0.18,-6.972,0,0.197,101.612,4,0.393,Walk,310babii,2
6GUgd5uXPPLzNK94F7zO4Y,0.506,0.651,0.684,0,2,0.118,-6.651,0,0.123,129.739,4,0.343,Games,KA$HDAMI,2
4dUj9KBYC8ob9MGgTPaRTF,0.0123,0.643,0.626,0,1,0.067,-7.694,1,0.252,161.026,4,0.539,You Is Not Havin,Lil Kari,2
67mSIbxWBzaFptWINhPN2U,0.0586,0.464,0.665,0,2,0.206,-6.193,1,0.2,100.312,5,0.137,TATTI,Bktherula,2
7oB3Sh2bsCdQiD3Jq8oLsF,0.00996,0.686,0.506,0.00383,11,0.119,-9.092,1,0.143,150.964,4,0.2,Love My Tone,Fourfive,2
3lq7nObJRC3GXoPDe8zZIW,0.0572,0.464,0.59,7.99e-05,11,0.101,-11.198,0,0.0898,73.545,4,0.33,Diamonds Cry,Tevomxntana,2
3xwRLDnm6pwIGWVyUabn1s,0.326,0.651,0.538,0.0413,10,0.135,-10.492,0,0.0718,126.033,3,0.0749,Think He God,Jace!,2
0s9eWn090LdFQxKqkPLiH3,0.0282,0.757,0.667,0,0,0.423,-6.451,1,0.0329,147.05,4,0.334,Rover!,Dina Ayada,2
1OiiHxQFLMftJpw5C8Vrar,0.0247,0.567,0.749,0,1,0.194,-7.119,1,0.0668,178.562,4,0.146,GREEN GOBLIN - Spotify Singles,Odetari,2
1NrnZgvRMMSCvJzu9Qjr45,0.118,0.578,0.409,0,8,0.175,-11.054,1,0.425,97.561,4,0.17,Spirit (feat. 03 Greedo),ASM Bopster,2
4fcXf7kKugatldnInKIH4V,0.0547,0.893,0.779,0,0,0.0736,-5.692,0,0.306,153.162,4,0.749,No Problems,Superstar Pride,2
4j5vI66Qz7HU9jumYqggzX,0.00209,0.683,0.627,0.00229,8,0.11,-8.489,1,0.0921,129.985,4,0.256,CRUEL WORLD,$NOT,2
52c1MKL7zhs29TnMZhpFeh,0.272,0.895,0.594,0,10,0.717,-5.231,1,0.237,140.079,4,0.505,White Girl Wasted,Tay Money,2
35uuAlEbvARgXm4lULDyUy,0.256,0.569,0.532,0,11,0.321,-6.523,0,0.325,109.934,5,0.342,Wicked Romance,Scorey,2
4eQqu4v3amr4tOsiHFJKlw,0.0445,0.679,0.559,0,5,0.135,-7.453,0,0.0732,135.038,4,0.136,Monsoon,Fourfive,2
20LjVwLgn8EaT2LvEoK0Nl,0.445,0.628,0.606,1.52e-06,10,0.132,-6.19,0,0.154,158.143,4,0.327,Special K,BLP KOSHER,2
2rVMvrKpFmnpVRxRNWIywy,0.121,0.745,0.489,0,4,0.186,-9.447,0,0.329,142.977,4,0.604,Hood Bitch Aesthetic,Rubi Rose,2
3dyhk17fDgslADTDnU6sgG,0.0413,0.661,0.529,0.0113,8,0.167,-4.916,1,0.256,166.076,4,0.131,60 Miles,Lil RT,2
6f13WB2izFqsFFIl5eMdIT,0.0456,0.755,0.835,0,4,0.295,-3.521,1,0.205,72.974,4,0.927,1500 Shawty,TisaKorean,2
3DHybk9XQCME6I7vmfweHW,0.312,0.671,0.816,0,11,0.275,-7.178,1,0.226,141.184,4,0.779,REFUND,Anycia,2
3aQ8TbaVBc1BZNMVAobpZC,0.135,0.742,0.808,0,7,0.258,-3.777,1,0.305,152.89,4,0.798,Love and War,BBG Steppaa,2
0DqriIxLtWa47JbuZ3mAgX,0.0964,0.757,0.545,1.4e-05,8,0.303,-4.472,1,0.0605,137.909,4,0.369,Cellulite,AUDREY NUNA,2
5NOOxxawp4MU1remSX2eJQ,0.0434,0.911,0.789,0,5,0.315,-5.452,1,0.0778,125.007,4,0.606,Rick Rubin,Lil Pump,2
5l6eIWTmwDkadW03IDbYIe,0.312,0.813,0.622,0,1,0.411,-5.23,1,0.0609,124.006,4,0.428,Give Em A Show,Kidd Kenn,2
7rTsCvIxfjT5NsWYbiDdL1,0.198,0.761,0.405,0,8,0.0946,-11.085,1,0.289,120.087,4,0.311,DTD,Thouxanbanfauni,2
2hsNdc8rDVN2O5QOxbGayy,0.104,0.689,0.709,0,11,0.17,-8.094,1,0.515,170.021,3,0.646,RICH SCHOLAR,Lil Mabu,2
4SC64uYq1eUnWhYbahqK6y,0.0712,0.721,0.439,1.91e-06,2,0.103,-12.686,1,0.281,141.884,4,0.211,I love freaks (Sexyy’s Version),Lijay,2
05k4xJfpBqkLoO9FBl9XrE,0.165,0.8,0.531,0,7,0.104,-14.101,0,0.231,73.996,4,0.55,ICEY,Thouxanbanfauni,2
55BTqAWXmsq6K3b3JxzEVT,0.00366,0.856,0.769,0,0,0.0568,-6.382,1,0.211,142.019,4,0.947,Freak Like Me,Slimeroni,2
27z0n0bxgN8GGaWd32wVfw,0.254,0.53,0.536,0,9,0.0906,-9.27,0,0.0927,143.076,4,0.125,Xanax / Burnt Memories,Summrs,2
3dcwO3xoYHYp3PFhMlACmE,0.0347,0.691,0.733,0,0,0.226,-6.203,1,0.238,160.919,4,0.466,BING BONG (Remix) [feat. Sexyy Red],BlakeIANA,2
00zk0uua6s2ifh0Nc3ppfW,0.037,0.774,0.577,0.627,2,0.122,-12.132,1,0.107,100.003,4,0.148,Nun id change,Yeat,2
4wXMa4oleu4CaD06V7zEyG,0.0693,0.708,0.582,0.00382,11,0.119,-8.807,1,0.0413,140.03,4,0.342,the Rake (can’t complain),Riovaz,2
7IbucrVf4NXY4tADmFdZpm,0.208,0.674,0.691,0,2,0.0803,-5.653,1,0.349,149.222,4,0.31,Lady Cop,2Rare,2
4sZJgYizP3YR9MkQ7SaRjX,0.171,0.765,0.433,4.11e-06,5,0.112,-8.005,0,0.328,173.964,4,0.197,BRB,Anycia,2
5rfMpJorQrwpvCOfDM7Q5L,0.0242,0.752,0.411,0,11,0.168,-8.407,0,0.0965,137.037,4,0.458,Wake Up,Dom Corleo,2
7MWv1HHPxLo3OlRX5bRnIt,0.0808,0.729,0.723,0,10,0.183,-4.997,0,0.0957,157.07,4,0.881,Just In Time,Pyrex Pryce,2
2ktPib6e7LCnHX4LZECEyG,0.332,0.569,0.603,0,2,0.137,-7.993,0,0.157,75.034,4,0.353,AT WHAT COST?,Lil Mabu,2
1bUhj0j6akbGxinxsVe6PR,0.0735,0.798,0.838,0,6,0.271,-3.385,1,0.173,160.062,4,0.911,You Wish (with Missy Elliott & Kaliii) – Remix,Flyana Boss,2
6qWlp0154BPzimbk2CPkMm,0.172,0.935,0.674,0,1,0.0839,-5.066,1,0.272,102.035,4,0.629,Underrated (feat. MoneySign Suede) - Remix,Zoe Osama,2
5pA5DmqA3tNd9F8KMNrd1C,0.0306,0.638,0.648,0,8,0.097,-4.767,1,0.382,106.811,5,0.343,Rare Story Pt. 2,2Rare,2
1wRyDZUQJEMy4qOL3VKWpu,0.0412,0.763,0.601,0,0,0.0588,-5.615,0,0.0384,110.964,4,0.152,heartache blues,midwxst,2
7BfwfsoIZsa9QGUxfoz8DE,0.0846,0.737,0.67,0,6,0.29,-6.608,0,0.305,154.114,4,0.541,Tomioka (with Flo Milli) - Remix,Jay Eazy,2
32mXd7wU5DXzI3NwxOjeLT,0.109,0.518,0.497,0.00103,1,0.106,-10.983,1,0.358,85.912,5,0.145,SINS,DIRTYXAN,2
7icwQvajsokotDfM3tefW6,0.231,0.739,0.536,0,1,0.35,-10.843,1,0.308,82.549,4,0.64,SkeeYee,Sexyy Red,2
38Kt8Elz6jRogLkl0OWQ0I,0.186,0.777,0.558,0.001,1,0.102,-7.856,1,0.0869,101.97,4,0.498,marry me,Kanii,2
6Wo5QX4i3imhftyKOYUZjI,0.0415,0.713,0.512,0,8,0.336,-8.277,1,0.43,153.275,4,0.962,Rando,TisaKorean,2
0IrecfudrvKZUjLdPgEu7W,0.0347,0.833,0.725,0,8,0.121,-5.572,0,0.105,139.972,4,0.413,SEEN,Unghetto,2
6T1dDWfxHxjHkIIhKANk49,0.055,0.824,0.576,1.17e-05,1,0.108,-8.21,1,0.0755,123.945,4,0.547,NEED IT,Joony,2
2B6sniX8LKlpUkiXLEyenF,0.195,0.905,0.492,1.03e-05,7,0.123,-9.67,0,0.311,99.995,4,0.214,Dead Homies (feat. Veeze),Desto Dubb,2
09A7OM0R7yazApSFe0v1SA,0.0182,0.533,0.773,0,9,0.192,-5.747,1,0.324,98.747,3,0.537,Jenn Jenn Jenn,41,2
3yl7WqiswUejJddFqErYPV,0.271,0.483,0.493,0.00309,8,0.258,-10.684,1,0.238,140.046,4,0.213,2017,Jace!,2
00GgVbUzNfwknUJN0XSuh1,0.367,0.686,0.648,0,8,0.133,-6.465,1,0.273,159.96,4,0.557,melanin,wolfacejoeyy,2
7idI4LLo9LVLqrvvzhSj3n,0.0981,0.877,0.229,0,1,0.139,-15.385,1,0.553,134.991,4,0.336,First Day Out (Freestyle),Rundown Spaz,2
6jSC6HQdTrDMobpRciFYvq,0.182,0.621,0.536,0.000577,11,0.409,-6.514,0,0.381,180.035,4,0.763,Quite Frankly (with Luh Tyler & Trapland Pat),BLP KOSHER,2
10Ov8KUvheyNHKlCBK5VLd,0.245,0.677,0.594,0,1,0.329,-5.418,1,0.117,74.991,4,0.249,PAMPER PAMPER,Dro Kenji,2
1MoxBQxwPAiQKlRQ4BV9MB,0.243,0.27,0.57,0,2,0.135,-8.833,1,0.103,75.68,4,0.095,CRAZY GIRL P2 (feat. YoungBoy Never Broke Again),Bktherula,2
1ovWpT2RfxpbUFdpMS59zQ,0.0272,0.628,0.762,0,6,0.132,-7.091,0,0.127,140.356,4,0.142,American Psycho,Dom Corleo,2
6htWGNhskc5f0Xke88Vn5z,0.00199,0.665,0.633,0.392,6,0.0795,-9.163,1,0.0504,174.775,4,0.577,Turn Your Phone Off,PinkPantheress,2
6qyAMxx8th14kYK4LlxpTc,0.000358,0.606,0.679,0.000124,1,0.162,-6.073,1,0.0788,100.071,3,0.0283,X & Sex,OsamaSon,2
5tF9WEhxbT2hDzD1TN5yPo,0.0298,0.632,0.757,1.2e-05,6,0.191,-8.539,1,0.185,165.105,4,0.381,WOAH,KYLE,2
4kZgxSySjVSLRpegVw8SsX,0.151,0.749,0.391,0.0241,6,0.402,-9.575,0,0.0524,122.169,4,0.586,waiting alonE,Riovaz,2
7FoNUT1v6tCzGna2yZvVY3,0.0492,0.688,0.765,0,6,0.37,-3.778,0,0.0789,133.999,4,0.241,Codeine Crazy,Rich Amiri,2
7wbNu1P1ZokAM4gTJSImzu,0.303,0.724,0.662,0,10,0.154,-6.155,0,0.408,123.957,5,0.26,Perc & Sex,YN Jay,2
1URv5SAu4pjhmQ7gAshWtQ,0.0269,0.575,0.871,0,1,0.0958,-3.014,0,0.136,156.99,4,0.414,warning,midwxst,2
4LadsagnXZM7SEOpHjHIHA,0.077,0.681,0.686,0,11,0.21,-5.259,1,0.31,151.137,4,0.568,Looking For The Hoes (Ain’t My Fault),Sexyy Red,2
0KK6oylgSBhXglGZQL61y0,0.187,0.713,0.78,0,1,0.316,-3.642,1,0.244,170.121,4,0.386,MMM HMM (feat. Sexyy Red),Lancey Foux,2
34lGv6KdMFWZtsvvVcnp8S,0.0143,0.685,0.705,0.000205,6,0.111,-5.466,0,0.0323,90.475,4,0.202,BABY I'M HOME (w/ Kanii & 9lives),Odetari,2
2lBm6toXTg5vyqgGkwRmKx,0.023,0.572,0.738,0,8,0.405,-4.453,1,0.163,140.499,4,0.434,KRUSTY KREW ANTHEM (BACK ON THE GRILL),Kash Krabs,2
2cXeUYMss6hflg9hSZHePD,0.252,0.787,0.522,0,10,0.11,-9.648,0,0.165,124.009,4,0.731,TADA,Unghetto,2
6B22fN7OoE3zGKcM6CrKtv,0.0396,0.842,0.377,0.00049,6,0.0938,-12.265,0,0.2,135.042,4,0.581,IN THIS (feat. Cash Cobain),FLEE,2
7KlYBKL2aNJJ3kQI1iO96M,0.00177,0.609,0.758,1.55e-05,5,0.802,-5.645,0,0.0443,139.981,4,0.262,KNOYA,tana,2
05pTIcFoJc2Sd5gULTUR1t,0.0471,0.864,0.709,8.07e-05,2,0.0688,-6.717,1,0.264,100.957,4,0.349,Gangsta Boogie,Zoe Osama,2
4lcrZiMuwz0VWiwrrqGgOW,0.111,0.695,0.666,0,6,0.161,-6.368,0,0.195,93.487,4,0.131,Just Like Me,Heembeezy,2
05QTU0jumc79qqlpAzMEbw,0.448,0.841,0.287,0.574,0,0.118,-16.649,0,0.0641,74.995,4,0.254,Genesis,Bravo 1-2,2
5754hZ1mD8MUxppIBI1Lze,0.00254,0.656,0.755,0,7,0.0609,-5.996,1,0.054,130.255,4,0.444,Aint Nothing,Rich Amiri,2
0NaUT74rJ0NHS62fewzatU,0.000195,0.477,0.565,0.0011,1,0.193,-8.3,1,0.0334,151.928,4,0.0399,I LOVE YOU HOE (w/ 9lives),Odetari,2
1Qvxd1s2lzrXedEjqdYQQn,0.391,0.802,0.644,0,2,0.122,-8.92,1,0.285,141.953,4,0.63,Slizzy Talk,Cash Cobain,2
3caUeHv3m0bu2W7ATsLSdS,0.0397,0.632,0.773,0,6,0.0795,-5.456,0,0.0595,159.991,4,0.209,COBRA,454,2
0UrynT1ZUyYiF5I9dT52tQ,0.251,0.427,0.364,0,2,0.141,-13.866,1,0.179,105.792,4,0.0587,OH WHY,Lambo4oe,2
1K7Tnhm54msvxefjFMWa6f,0.0234,0.639,0.492,0.121,0,0.226,-4.86,1,0.0835,148.027,4,0.119,WA\VE,Hardrock,2
7DFTrjG8Y4uNSUGj8bfLMR,0.377,0.71,0.732,0,11,0.779,-4.412,0,0.257,81.529,4,0.645,First Things First,Kodie Shane,2
